classe_processual,orgao_julgador,ano_ajuizamento,n,t_orgao_d,t_restantes_d,racio,S_2anos,alerta
Agravo de Instrumento,Gabinete da Vice-Presidência,2022,527,2143.4904785156255,319.42312622070324,6.710504977759799,0.8683888195234009,True
Apelação / Remessa Necessária,Gabinete da Vice-Presidência,2022,590,2009.0308837890623,404.3545837402344,4.968487967184031,0.8534897541708109,True
Apelação Cível,Gabinete da Vice-Presidência,2022,1432,1980.368530273438,402.045135498047,4.925736827583275,0.8500372765954377,True
Recurso Inominado Cível,Gabinete do Juízo Gestor das Turmas Recursais,2022,2502,511.56756591796864,164.50728607177734,3.109695492117978,0.3559456870142368,True
Recurso Inominado Cível,4ª Turma Recursal - Juiz Relator 2 - RJ,2022,1498,502.32406616210926,164.50728607177734,3.0535064929764673,0.34891308810493993,True
Outras classes,Gabinete da Vice-Presidência,2022,117,768.3560791015627,253.20555114746102,3.0345151424191723,0.5212094777330978,True
Cumprimento de sentença,1ª Vara federal de cachoeiro de itapemirim,2022,121,1532.525024414063,600.1885986328127,2.553405759298072,0.779442437931241,True
Procedimento Comum Cível,1ª Vara federal de cachoeiro de itapemirim,2022,181,1741.0032958984373,723.6516723632814,2.405858180653017,0.8166811692388353,True
Procedimento do Juizado Especial Cível,1ª Vara federal de cachoeiro de itapemirim,2022,1438,909.9540405273439,387.5628356933592,2.3478877661203357,0.5905158208462049,True
Cumprimento de Sentença contra a Fazenda Pública,1ª Vara federal de cachoeiro de itapemirim,2022,112,1383.9466552734373,594.786865234375,2.3267942454110764,0.7467796076836464,True
Recurso Inominado Cível,Gabinete do Juízo Vice-Gestor das Turmas Recursais,2022,699,354.5110168457031,164.50728607177734,2.1549867201080923,0.2265545333083463,True
Outras classes,8ª Vara Federal do Rio de Janeiro,2022,132,537.8032226562502,253.20555114746102,2.123978799908088,0.3754815555822215,True
Recurso Inominado Cível,5ª Turma Recursal - Juiz Relator 3 - RJ,2022,1422,330.6280212402343,164.50728607177734,2.009807766787762,0.20534360906379245,True
Outras classes,1ª Vara Federal de Niterói,2022,91,497.2285156250001,253.20555114746102,1.9637346549935069,0.34500309692465136,False
Outras classes,4ª Vara Federal de Vitória,2022,267,476.4075012207031,253.20555114746102,1.8815049633064895,0.32878260542725934,False
Execução Fiscal,5ª Vara Federal de Niterói,2022,933,2229.1950683593755,1220.9298095703123,1.8258175456817676,0.8768796129143306,False
Outras classes,1ª Vara federal de cachoeiro de itapemirim,2022,109,439.0887451171876,253.20555114746102,1.734119742349063,0.298748189194149,False
Procedimento do Juizado Especial Cível,3ª Vara Federal de Volta Redonda,2022,554,661.5225219726561,387.5628356933592,1.7068781138139226,0.45925521938508507,False
Outras classes,14ª Vara Federal do Rio de Janeiro,2022,152,421.1354064941406,253.20555114746102,1.6632155360957357,0.2838757668907461,False
Procedimento Comum Cível,9ª Vara Federal,2022,378,1152.6247558593752,723.6516723632814,1.5927894591816054,0.6823992057160739,False
Cumprimento de sentença,14ª Vara Federal do Rio de Janeiro,2022,81,946.6984252929692,600.1885986328127,1.5773349034778092,0.6064158915043802,False
Procedimento do Juizado Especial Cível,1ª Vara Federal de Volta Redonda,2022,538,607.8999633789061,387.5628356933592,1.568519753168176,0.4246101168987584,False
Recurso Inominado Cível,5ª Turma Recursal - Juiz Relator 1 - RJ,2022,427,253.4559631347656,164.50728607177734,1.5406974924148857,0.1359343603457478,False
Outras classes,23ª Vara Federal do Rio de Janeiro,2022,145,388.91961669921875,253.20555114746102,1.53598376866833,0.2565475972145437,False
Outras classes,11ª Vara Federal do Rio de Janeiro,2022,106,382.2272644042969,253.20555114746102,1.509553256917723,0.250774522177475,False
Procedimento do Juizado Especial Cível,1ª Vara Federal de Duque de Caxias,2022,1526,584.9987182617186,387.5628356933592,1.5094293476698866,0.40904613575134774,False
Mandado de Segurança Cível,8ª Vara Federal do Rio de Janeiro,2022,147,419.58938598632795,281.6928100585938,1.4895282059171153,0.2825827092064048,False
Procedimento do Juizado Especial Cível,Vara Federal de Angra dos Reis,2022,681,573.538024902344,387.5628356933592,1.4798581599710683,0.4010810148957381,False
Outras classes,24ª Vara Federal do Rio de Janeiro,2022,216,374.1419982910158,253.20555114746102,1.4776216263644402,0.2437591737114857,False
Cumprimento de Sentença contra a Fazenda Pública,Vara Federal de Angra dos Reis,2022,177,868.8114013671874,594.786865234375,1.460710469833313,0.571743417492764,False
Cumprimento de Sentença contra a Fazenda Pública,28ª Vara Federal do Rio de Janeiro,2022,106,860.6152343749999,594.786865234375,1.4469304631262756,0.5678760738724475,False
Outras classes,10ª Vara Federal do Rio de Janeiro,2022,93,361.38592529296875,253.20555114746102,1.4272432956357501,0.23260587310077108,False
Cumprimento de sentença,Vara Federal de Angra dos Reis,2022,345,854.815368652344,600.1885986328127,1.4242445967810002,0.5651130987718359,False
Cumprimento de sentença,9ª Vara Federal,2022,490,854.0391845703124,600.1885986328127,1.4229513631477728,0.5647416684908608,False
Cumprimento de sentença,1ª Vara Federal de Volta Redonda,2022,94,847.7248535156252,600.1885986328127,1.4124307850010525,0.5617053336688146,False
Mandado de Segurança Cível,1ª Vara Federal de Volta Redonda,2022,87,397.87158203124994,281.6928100585938,1.4124307324297352,0.26422005028273854,False
Outras classes,2ª Vara Federal de Campos,2022,284,357.31295776367193,253.20555114746102,1.4111576785912612,0.22902405666883463,False
Cumprimento de Sentença contra a Fazenda Pública,1ª Vara Federal de Volta Redonda,2022,139,836.5798339843751,594.786865234375,1.4065203569260425,0.5562815755397779,False
Execução de Título Extrajudicial,14ª Vara Federal do Rio de Janeiro,2022,193,1016.7591552734377,723.9683227539062,1.4044249220819265,0.634631741277065,False
Outras classes,2ª Vara Federal de Volta Redonda,2022,140,354.9008789062501,253.20555114746102,1.4016315096487126,0.22689840387136806,False
Outras classes,Vara Federal de Linhares,2022,146,353.062255859375,253.20555114746102,1.3943701244281164,0.2252759518110512,False
Cumprimento de Sentença contra a Fazenda Pública,10ª Vara Federal do Rio de Janeiro,2022,119,819.087890625,594.786865234375,1.377111598290321,0.5476001541738282,False
Mandado de Segurança Cível,19ª Vara Federal do Rio de Janeiro,2022,177,387.5757751464842,281.6928100585938,1.3758809643237473,0.2553908614236331,False
Cumprimento de sentença,19ª Vara Federal do Rio de Janeiro,2022,135,823.6157836914066,600.1885986328127,1.3722616283740565,0.5498674149826678,False
Outras classes,19ª Vara Federal do Rio de Janeiro,2022,116,347.4642333984374,253.20555114746102,1.372261515688818,0.2203249943248492,False
Outras classes,22ª Vara Federal do Rio de Janeiro,2022,130,346.48690795898443,253.20555114746102,1.3684017052106354,0.219458975260292,False
Mandado de Segurança Cível,32ª Vara Federal do Rio de Janeiro,2022,185,383.45547485351574,281.6928100585938,1.3612540368842025,0.2518363507881789,False
Recurso Inominado Cível,Coordenadoria das Turmas Recursais,2022,361,222.8787994384766,164.50728607177734,1.3548263104968539,0.108917838406283,False
Outras classes,28ª Vara Federal do Rio de Janeiro,2022,138,342.81652832031244,253.20555114746102,1.3539060528758473,0.21620238137499426,False
Carta Precatória Cível,Diretoria de Nova Iguaçu,2022,92,40.4982566833496,29.942275047302246,1.3525444081777758,0.0013338902218905657,False
Outras classes,32ª Vara Federal do Rio de Janeiro,2022,89,341.6410827636718,253.20555114746102,1.3492637946342179,0.2151580745073628,False
Cumprimento de sentença,32ª Vara Federal do Rio de Janeiro,2022,114,808.2839355468752,600.1885986328127,1.34671657773588,0.5421329998508052,False
Cumprimento de Sentença contra a Fazenda Pública,32ª Vara Federal do Rio de Janeiro,2022,126,801.0092773437503,594.786865234375,1.3467164864646324,0.5384058286762141,False
Cumprimento de sentença,24ª Vara Federal do Rio de Janeiro,2022,121,805.7372436523439,600.1885986328127,1.3424734249996693,0.5408324360930933,False
Execução de Título Extrajudicial,8ª Vara Federal do Rio de Janeiro,2022,144,971.6038818359373,723.9683227539062,1.3420530309116965,0.6167520888988489,False
Cumprimento de sentença,1ª Vara Federal de Niterói,2022,321,799.9573364257809,600.1885986328127,1.3328432733444575,0.5378637784592519,False
Procedimento Comum Cível,8ª Vara Federal do Rio de Janeiro,2022,194,961.3546142578123,723.6516723632814,1.3284770159077326,0.6125404867821442,False
Mandado de Segurança Cível,3ª Vara Federal de Volta Redonda,2022,103,374.09793090820324,281.6928100585938,1.3280350706515676,0.24372081942738555,False
Cumprimento de Sentença contra a Fazenda Pública,3ª Vara Federal de Volta Redonda,2022,112,787.8410034179686,594.786865234375,1.3245770030707065,0.5315636119161337,False
Apelação Cível,GABINETE 12,2022,263,530.5343627929686,402.045135498047,1.3195890609041974,0.3701319083103424,False
Mandado de Segurança Cível,28ª Vara Federal do Rio de Janeiro,2022,137,371.50540161132824,281.6928100585938,1.3188316788563146,0.24146219414043069,False
Cumprimento de sentença,4ª Vara Federal de Niterói,2022,249,791.5368652343749,600.1885986328127,1.3188135646652401,0.5334964865639785,False
Cumprimento de sentença,3ª Vara Federal de Volta Redonda,2022,121,790.8090820312502,600.1885986328127,1.3176009738149934,0.5331166435119057,False
Cumprimento de sentença,4ª Vara Federal de Vitória,2022,136,788.0167846679689,600.1885986328127,1.3129486072594772,0.5316557650417744,False
Recurso Inominado Cível,4ª Turma Recursal - Juiz Relator 3 - RJ,2022,1436,215.69392395019534,164.50728607177734,1.311151190325299,0.1026959140806234,False
Cumprimento de Sentença contra a Fazenda Pública,31ª Vara Federal,2022,228,779.7703247070311,594.786865234375,1.3110079766132086,0.5273085125770087,False
Procedimento Comum Cível,6ª Vara Federal de Vitória,2022,392,946.2250366210939,723.6516723632814,1.3075697504172672,0.6062160401547456,False
Execução de Título Extrajudicial,32ª Vara Federal do Rio de Janeiro,2022,207,941.3062744140626,723.9683227539062,1.3002036758092173,0.6041318851481089,False
Execução de Título Extrajudicial,5ª Vara Federal de São João de Meriti,2022,91,937.1881713867191,723.9683227539062,1.294515439324396,0.6023762773784183,False
Procedimento Comum Cível,4ª Vara Federal de Vitória,2022,318,936.1434936523438,723.6516723632814,1.2936382646572384,0.6019293566508422,False
Outras classes,Vara Federal de Colatina,2022,90,326.95330810546864,253.20555114746102,1.2912564776870104,0.20205774419577915,False
Recurso Inominado Cível,2ª Turma Recursal - Juiz Relator 1 - ES,2022,1830,212.26405334472665,164.50728607177734,1.2903018365527725,0.09974812733135863,False
Cumprimento de sentença,23ª Vara Federal do Rio de Janeiro,2022,138,771.0838623046874,600.1885986328127,1.2847359381053922,0.5226757356799397,False
Execução de Título Extrajudicial,1ª Vara Federal de Duque de Caxias,2022,117,923.4453735351566,723.9683227539062,1.2755328437886049,0.5964461001903932,False
Outras classes,1ª Vara Federal de Campos,2022,88,322.10021972656244,253.20555114746102,1.2720898821802638,0.19771070502002175,False
Apelação / Remessa Necessária,GABINETE 12,2022,97,513.4500732421874,404.3545837402344,1.26980154025418,0.35736838787780845,False
Cumprimento de Sentença contra a Fazenda Pública,22ª Vara Federal do Rio de Janeiro,2022,127,754.605041503906,594.786865234375,1.2686982272322957,0.5137337071678998,False
Procedimento Comum Cível,2ª Vara Federal de Vitória,2022,448,917.5488281249995,723.6516723632814,1.2679426624255483,0.5938675709965493,False
Carta Precatória Cível,Diretoria de Niterói,2022,86,37.88005447387696,29.942275047302246,1.2651027490073736,0.0010594117373183831,False
Cumprimento de sentença,28ª Vara Federal do Rio de Janeiro,2022,82,758.6404418945312,600.1885986328127,1.2640034209624451,0.515942209399999,False
Procedimento Comum Cível,Vara Federal de Magé,2022,116,909.2717285156252,723.6516723632814,1.2565047014209905,0.5902130032764545,False
Mandado de Segurança Cível,14ª Vara Federal do Rio de Janeiro,2022,159,353.43231201171864,281.6928100585938,1.2546728187283254,0.22560264778784533,False
Cumprimento de sentença,22ª Vara Federal do Rio de Janeiro,2022,107,750.4050292968752,600.1885986328127,1.2502820463538376,0.5114220874245488,False
Procedimento Comum Cível,Vara Federal de Linhares,2022,264,904.6715087890626,723.6516723632814,1.2501477483422538,0.5881640218069546,False
Mandado de Segurança Cível,4ª Vara Federal de Niterói,2022,312,350.19763183593767,281.6928100585938,1.243189812913913,0.22274449724918233,False
Mandado de Segurança Cível,22ª Vara Federal do Rio de Janeiro,2022,162,349.4766540527344,281.6928100585938,1.2406303660361127,0.22210668966615654,False
Procedimento do Juizado Especial Cível,Vara Federal de Magé,2022,2717,480.7760925292969,387.5628356933592,1.2405113397139251,0.33221824801243627,False
Cumprimento de sentença,3ª Vara Federal de Niterói,2022,124,744.2653808593752,600.1885986328127,1.240052514417567,0.5080188605732021,False
Cumprimento de Sentença contra a Fazenda Pública,1ª Vara Federal de Duque de Caxias,2022,231,735.3773193359374,594.786865234375,1.2363711479172677,0.5030411284005261,False
Cumprimento de sentença,12ª Vara Federal do Rio de Janeiro,2022,286,741.3602294921878,600.1885986328127,1.2352121169594925,0.5063985085116449,False
Apelação Cível,GABINETE 26,2022,1052,496.0926818847655,402.045135498047,1.2339228561246338,0.3441283220731782,False
Cumprimento de sentença,6ª Vara Federal de Vitória,2022,473,739.5245971679685,600.1885986328127,1.2321536911106832,0.5053713489533835,False
Procedimento do Juizado Especial Cível,6ª Vara Federal de Vitória,2022,102,477.5369567871095,387.5628356933592,1.2321536349913025,0.3296724926285719,False
Cumprimento de Sentença contra a Fazenda Pública,6ª Vara Federal de São João de Meriti,2022,146,726.0662231445316,594.786865234375,1.2207166391585096,0.49776103130625593,False
Mandado de Segurança Cível,Vara Federal de Angra dos Reis,2022,101,343.80432128906256,281.6928100585938,1.2204937755335294,0.21707946073337236,False
Cumprimento de sentença,Vara Federal de Linhares,2022,208,732.2781372070315,600.1885986328127,1.220080052961868,0.5012911304825116,False
Mandado de Segurança Cível,Vara Federal de Linhares,2022,148,343.6877746582031,281.6928100585938,1.220080038914426,0.21697600133683104,False
Cumprimento de Sentença contra a Fazenda Pública,Vara Federal de Linhares,2022,1364,725.6875610351564,594.786865234375,1.2200800042031865,0.4975448729531795,False
Mandado de Segurança Cível,1ª Vara Federal de Campos,2022,83,342.945526123047,281.6928100585938,1.217445081582708,0.2163169474901978,False
Cumprimento de sentença,1ª Vara Federal de Campos,2022,255,730.6966552734376,600.1885986328127,1.2174450779936723,0.5003952560325845,False
Cumprimento de sentença,1ª Vara Federal de Duque de Caxias,2022,406,729.6145629882816,600.1885986328127,1.2156421575656253,0.49978115538369927,False
Cumprimento de Sentença contra a Fazenda Pública,1ª Vara Federal de Campos,2022,667,722.2347412109377,594.786865234375,1.2142748662184093,0.49556866104079056,False
Cumprimento de sentença,11ª Vara Federal do Rio de Janeiro,2022,117,728.554931640625,600.1885986328127,1.2138766602701578,0.4991789188374611,False
Procedimento do Juizado Especial Cível,2º Juizado Especial Federal de Vitória,2022,3218,469.2910766601564,387.5628356933592,1.2108773944245284,0.3231494963420739,False
Procedimento Comum Cível,4ª Vara Federal de Niterói,2022,243,873.9441528320311,723.6516723632814,1.2076862200538123,0.5741433187313285,False
Procedimento Comum Cível,1ª Vara Federal de Duque de Caxias,2022,229,873.6270751953127,723.6516723632814,1.2072480567097232,0.5739955513044468,False
Execução de Título Extrajudicial,22ª Vara Federal do Rio de Janeiro,2022,199,873.902038574219,723.9683227539062,1.2070998289676256,0.5741236959456466,False
Mandado de Segurança Cível,10ª Vara Federal do Rio de Janeiro,2022,150,339.52578735351557,281.6928100585938,1.2053051239855648,0.21327714214711568,False
Execução de Título Extrajudicial,1ª Vara Federal de Campos,2022,119,871.3509521484374,723.9683227539062,1.203576074756837,0.572932929996261,False
Procedimento Comum Cível,1ª Vara Federal de Niterói,2022,225,865.5715942382809,723.6516723632814,1.1961163461579816,0.5702199008694929,False
Procedimento do Juizado Especial Cível,1ª Vara Federal de Campos,2022,974,462.83233642578125,387.5628356933592,1.1942123800331967,0.317998128001311,False
Mandado de Segurança Cível,1ª Vara Federal de Niterói,2022,250,335.8756408691407,281.6928100585938,1.1923472267512845,0.21002664705713603,False
Procedimento do Juizado Especial Cível,7ª Vara Federal de Niterói,2022,1499,461.63507080078125,387.5628356933592,1.1911231632282415,0.31703917309741836,False
Procedimento do Juizado Especial Cível,6ª Vara Federal de São João de Meriti,2022,661,460.94506835937494,387.5628356933592,1.1893428004641704,0.3164859410833373,False
Cumprimento de sentença,10ª Vara Federal do Rio de Janeiro,2022,99,713.1777954101561,600.1885986328127,1.18825615320705,0.4903403597791923,False
Cumprimento de Sentença contra a Fazenda Pública,7ª Vara Federal de Niterói,2022,850,706.1871337890627,594.786865234375,1.1872944327894508,0.4862603644635437,False
Procedimento Comum Cível,14ª Vara Federal do Rio de Janeiro,2022,177,855.1394653320314,723.6516723632814,1.1817003925926695,0.5652680731981442,False
Cumprimento de sentença,6ª Vara Federal de São João de Meriti,2022,180,707.6325073242189,600.1885986328127,1.1790169105780346,0.48710713313908705,False
Mandado de Segurança Cível,Vara Federal de Magé,2022,162,331.9336242675782,281.6928100585938,1.1783532004190451,0.2065097977648187,False
Mandado de Segurança Cível,11ª Vara Federal do Rio de Janeiro,2022,155,331.727264404297,281.6928100585938,1.1776206298460217,0.2063255185986288,False
Execução de Título Extrajudicial,4ª Vara Federal de Vitória,2022,110,852.4020385742184,723.9683227539062,1.1774023970161602,0.5639569433370746,False
Mandado de Segurança Cível,1ª Vara Federal de Nova Iguaçu,2022,187,331.5534973144531,281.6928100585938,1.1770037625223306,0.20617033149160446,False
Mandado de Segurança Cível,24ª Vara Federal do Rio de Janeiro,2022,139,330.8600158691405,281.6928100585938,1.174541926719108,0.20555088038406122,False
Procedimento do Juizado Especial Cível,Vara Federal de Linhares,2022,1634,454.4839172363282,387.5628356933592,1.1726715654333717,0.31128529744666034,False
Cumprimento de sentença,1ª Vara Federal de Nova Iguaçu,2022,228,703.6379394531249,600.1885986328127,1.1723613894965057,0.4847628464469902,False
Procedimento do Juizado Especial Cível,1ª Vara Federal de Nova Iguaçu,2022,1369,454.3636779785157,387.5628356933592,1.172361320882711,0.3111881708890174,False
Cumprimento de Sentença contra a Fazenda Pública,1ª Vara Federal de Nova Iguaçu,2022,254,697.3051147460939,594.786865234375,1.1723613205065007,0.48102002258076826,False
Outras classes,2ª Vara Federal de Niterói,2022,246,296.8385009765626,253.20555114746102,1.1723222481946725,0.1749817183582243,False
Procedimento Comum Cível,1ª Vara Federal de Campos,2022,130,848.2246093749998,723.6516723632814,1.1721448892737187,0.5619466063729919,False
Execução de Título Extrajudicial,1ª Vara Federal de Niterói,2022,89,848.5219116210938,723.9683227539062,1.1720428711485573,0.5620900599524201,False
Cumprimento de sentença,21ª Vara Federal do Rio de Janeiro,2022,143,702.8284301757811,600.1885986328127,1.1710126313241782,0.48428621111501946,False
Procedimento do Juizado Especial Cível,15º Juizado Especial Federal do Rio de Janeiro,2022,1985,452.78051757812506,387.5628356933592,1.1682764080515868,0.30990815955915396,False
Cumprimento de sentença,15º Juizado Especial Federal do Rio de Janeiro,2022,343,699.6448364257815,600.1885986328127,1.165708309054059,0.48240661115915084,False
Cumprimento de sentença,2ª Vara Federal de Vitória,2022,200,699.5421142578126,600.1885986328127,1.1655371592384798,0.4823458277528845,False
Procedimento do Juizado Especial Cível,2ª Vara Federal de Vitória,2022,111,451.71887207031233,387.5628356933592,1.1655371219022497,0.3090485851430971,False
Cumprimento de Sentença contra a Fazenda Pública,2ª Vara Federal de Vitória,2022,515,693.2461547851564,594.786865234375,1.1655370945556836,0.4786040475303429,False
Mandado de Segurança Cível,2ª Vara Federal de Nova Iguaçu,2022,176,328.26300048828125,281.6928100585938,1.1653226094766158,0.20322943383759529,False
Cumprimento de Sentença contra a Fazenda Pública,6ª Vara Federal de Niterói,2022,870,691.0945434570311,594.786865234375,1.1619196452576441,0.4773179370737757,False
Cumprimento de sentença,2ª Vara Federal de Nova Iguaçu,2022,209,694.0525512695316,600.1885986328127,1.1563907625878505,0.47908509520020537,False
Procedimento do Juizado Especial Cível,2ª Vara Federal de Nova Iguaçu,2022,1197,448.17407226562494,387.5628356933592,1.156390734585866,0.30617144402801866,False
Outras classes,16ª Vara Federal do Rio de Janeiro,2022,111,292.56896972656256,253.20555114746102,1.1554603301575217,0.17113023252405524,False
Procedimento Comum Cível,1ª Vara Federal de Nova Iguaçu,2022,213,835.9035644531253,723.6516723632814,1.1551186798522208,0.5559497928634269,False
Cumprimento de Sentença contra a Fazenda Pública,2ª Vara Federal de Nova Iguaçu,2022,186,685.02978515625,594.786865234375,1.1517231216703396,0.4736724342539058,False
Cumprimento de Sentença contra a Fazenda Pública,3ª Vara Federal de Niterói,2022,120,684.9383544921876,594.786865234375,1.1515694016247122,0.4736172451949697,False
Mandado de Segurança Cível,21ª Vara Federal do Rio de Janeiro,2022,126,322.80136108398426,281.6928100585938,1.1459339733124165,0.1983392328434187,False
Cumprimento de Sentença contra a Fazenda Pública,2ª Vara Federal de Petrópolis,2022,83,681.415222167969,594.786865234375,1.145646049025407,0.47148539168534587,False
Execução de Título Extrajudicial,10ª Vara Federal do Rio de Janeiro,2022,208,829.1790161132816,723.9683227539062,1.1453249956561138,0.5526338856907564,False
Cumprimento de Sentença contra a Fazenda Pública,21ª Vara Federal do Rio de Janeiro,2022,186,678.6861572265626,594.786865234375,1.1410577416821859,0.4698270020549473,False
Outras classes,21ª Vara Federal do Rio de Janeiro,2022,100,288.9221496582032,253.20555114746102,1.1410577230589294,0.16783985096923182,False
Procedimento Comum Cível,2ª Vara Federal de Nova Iguaçu,2022,161,824.516418457031,723.6516723632814,1.1393830069712247,0.5503167142429871,False
Procedimento Comum Cível,12ª Vara Federal do Rio de Janeiro,2022,326,822.1121826171876,723.6516723632814,1.1360606407947027,0.5491160757364437,False
Execução de Título Extrajudicial,24ª Vara Federal do Rio de Janeiro,2022,184,820.9624633789065,723.9683227539062,1.133975669344266,0.5485405219872295,False
Cumprimento de Sentença contra a Fazenda Pública,2º Juizado Especial Federal de Vitória,2022,551,670.1142578125002,594.786865234375,1.1266460256287647,0.46457793971142247,False
Procedimento Comum Cível,10ª Vara Federal do Rio de Janeiro,2022,175,813.3778076171873,723.6516723632814,1.1239907799299085,0.5447207704104868,False
Cumprimento de sentença,7ª Vara Federal de Niterói,2022,255,674.38720703125,600.1885986328127,1.1236254880006993,0.46720213678378153,False
Procedimento do Juizado Especial Cível,6ª Vara Federal de Niterói,2022,1474,434.3671874999999,387.5628356933592,1.1207658410355745,0.29486279547268524,False
Embargos à Execução Fiscal,2ª Vara de Execução Fiscal do Rio de Janeiro,2022,92,576.0462036132814,515.4687500000001,1.117519158267657,0.4028343004808971,False
Agravo de Instrumento,GABINETE 32,2022,655,356.93917846679676,319.42312622070324,1.117449392878874,0.2286948756223952,False
Execução de Título Extrajudicial,2ª Vara Federal de Nova Iguaçu,2022,146,808.2754516601564,723.9683227539062,1.1164514057542654,0.5421286747819767,False
Apelação Cível,GABINETE 32,2022,1028,448.78717041015625,402.045135498047,1.116260665246468,0.30666984016389864,False
Apelação / Remessa Necessária,GABINETE 32,2022,92,451.36511230468733,404.3545837402344,1.1162606545216103,0.308761942597394,False
Outras classes,3ª Vara Federal de Niterói,2022,80,282.5663146972657,253.20555114746102,1.115956239571958,0.16210557425987904,False
Procedimento Comum Cível,6ª Vara Federal do Rio de Janeiro,2022,156,807.469177246094,723.6516723632814,1.1158257599392865,0.5417174076453335,False
Agravo de Instrumento,GABINETE 12,2022,356,353.55450439453114,319.42312622070324,1.1068531842940046,0.22571050633988587,False
Mandado de Segurança Cível,23ª Vara Federal do Rio de Janeiro,2022,150,311.791534423828,281.6928100585938,1.106849459022307,0.18845263868900708,False
Outras classes,Vara Federal de São Mateus,2022,109,279.8297729492188,253.20555114746102,1.1051486497081278,0.15963741713948076,False
Cumprimento de sentença,2ª Vara Federal de São Gonçalo,2022,123,662.8572387695314,600.1885986328127,1.10441491271156,0.4600861612124403,False
Cumprimento de Sentença contra a Fazenda Pública,2ª Vara Federal de São Gonçalo,2022,87,656.8914794921873,594.786865234375,1.1044149053852088,0.4563604732815896,False
Outras classes,2ª Vara Federal de São Gonçalo,2022,95,279.64398193359375,253.20555114746102,1.1044148940112912,0.1594698746824179,False
Cumprimento de sentença,2º Juizado Especial Federal de Vitória,2022,678,661.3815307617191,600.1885986328127,1.101956172223697,0.4591673562974371,False
Recurso Inominado Cível,1ª Turma Recursal - Juiz Relator 2 - ES,2022,1838,180.08302307128906,164.50728607177734,1.0946811376653296,0.07300640675648484,False
Mandado de Segurança Cível,1ª Vara Federal de Duque de Caxias,2022,360,308.11895751953114,281.6928100585938,1.093811934551828,0.18514776367339913,False
Execução de Título Extrajudicial,2ª Vara Federal de São Pedro da Aldeia,2022,112,791.4609985351565,723.9683227539062,1.0932260068016713,0.5334569081059679,False
Remessa Necessária Cível,GABINETE 01,2022,362,242.0988311767579,222.00978088378906,1.0904872308463043,0.12581764501985582,False
Cumprimento de sentença,Vara Federal de Colatina,2022,1206,654.3869628906252,600.1885986328127,1.0903022223035768,0.45478741123020006,False
Cumprimento de Sentença contra a Fazenda Pública,Vara Federal de Colatina,2022,424,648.4974365234374,594.786865234375,1.090302214841106,0.45106727274808867,False
Procedimento do Juizado Especial Cível,Vara Federal de Colatina,2022,2045,422.56057739257807,387.5628356933592,1.0903021096865675,0.28506604068842956,False
Cumprimento de Sentença contra a Fazenda Pública,16ª Vara Federal do Rio de Janeiro,2022,97,646.572570800781,594.786865234375,1.0870659871515487,0.4498450181938919,False
Execução de Título Extrajudicial,3ª Vara Federal de Niterói,2022,86,785.7430419921876,723.9683227539062,1.0853279312046364,0.5304620385628043,False
Agravo de Instrumento,GABINETE 26,2022,159,346.08648681640614,319.42312622070324,1.0834734820586536,0.21910401891949927,False
Outras classes,GABINETE 26,2022,129,274.3414916992188,253.20555114746102,1.083473448571626,0.15469017358756076,False
Apelação / Remessa Necessária,GABINETE 26,2022,217,438.10745239257807,404.3545837402344,1.0834734414041594,0.2979422213580514,False
Procedimento Comum Cível,22ª Vara Federal do Rio de Janeiro,2022,163,780.2278442382812,723.6516723632814,1.078181498137405,0.5275509937592442,False
Execução de Título Extrajudicial,28ª Vara Federal do Rio de Janeiro,2022,169,779.1920166015624,723.9683227539062,1.0762791576813617,0.5270017964131821,False
Outras classes,30ª Vara Federal do Rio de Janeiro,2022,106,272.4966735839843,253.20555114746102,1.0761875967928072,0.1530283495912278,False
Execução de Título Extrajudicial,11ª Vara Federal do Rio de Janeiro,2022,183,778.7592773437502,723.9683227539062,1.0756814253715197,0.5267721258898426,False
Recurso Inominado Cível,1ª Turma Recursal - Juiz Relator 1 - ES,2022,1851,176.78923034667974,164.50728607177734,1.0746589684151957,0.07038443309429443,False
Recurso Inominado Cível,7ª Turma Recursal - Juiz Relator 3 - RJ,2022,908,176.78923034667974,164.50728607177734,1.0746589684151957,0.07038443309429443,False
Recurso Inominado Cível,2ª Turma Recursal - Juiz Relator 3 - ES,2022,1872,176.78923034667974,164.50728607177734,1.0746589684151957,0.07038443309429443,False
Recurso Inominado Cível,2ª Turma Recursal - Juiz Relator 3 - RJ,2022,1412,176.78923034667974,164.50728607177734,1.0746589684151957,0.07038443309429443,False
Recurso Inominado Cível,7ª Turma Recursal - Juiz Relator 1 - RJ,2022,266,176.78923034667974,164.50728607177734,1.0746589684151957,0.07038443309429443,False
Procedimento Comum Cível,Vara Federal de Colatina,2022,123,777.3946533203122,723.6516723632814,1.0742663673829682,0.5260469753682442,False
Procedimento Comum Cível,11ª Vara Federal do Rio de Janeiro,2022,159,777.2694091796877,723.6516723632814,1.0740932949706357,0.5259803534842395,False
Mandado de Segurança Cível,16ª Vara Federal do Rio de Janeiro,2022,178,301.49044799804693,281.6928100585938,1.07028094872331,0.17917631128266498,False
Execução Fiscal,1ª Vara de Execução Fiscal de São João de Meriti,2022,1245,1305.7967529296875,1220.9298095703123,1.0695100919759202,0.7270834481012953,False
Mandado de Segurança Cível,12ª Vara Federal do Rio de Janeiro,2022,173,300.30731201171864,281.6928100585938,1.0660808557706989,0.17810973546437148,False
Execução de Título Extrajudicial,23ª Vara Federal do Rio de Janeiro,2022,163,771.612731933594,723.9683227539062,1.0658100743944887,0.5229593823176624,False
Recurso Inominado Cível,1ª Turma Recursal - Juiz Relator 3 - ES,2022,1836,175.247573852539,164.50728607177734,1.065287611492633,0.06916599864151218,False
Cumprimento de sentença,5ª Vara Federal de São João de Meriti,2022,198,638.2242431640627,600.1885986328127,1.0633728208398034,0.4445072604078687,False
Cumprimento de Sentença contra a Fazenda Pública,5ª Vara Federal de São João de Meriti,2022,157,632.4801635742188,594.786865234375,1.0633727819880332,0.44079977234154955,False
Procedimento do Juizado Especial Cível,5ª Vara Federal de São João de Meriti,2022,710,412.123748779297,387.5628356933592,1.0633727252046696,0.2763117673376614,False
Cumprimento de sentença,30ª Vara Federal do Rio de Janeiro,2022,119,637.7362670898439,600.1885986328127,1.0625597829458309,0.44419340544586094,False
Mandado de Segurança Cível,4ª Vara Federal de Vitória,2022,107,299.29046630859364,281.6928100585938,1.0624710877297132,0.17719292661090913,False
Cumprimento de sentença,13ª Vara Federal,2022,88,637.070068359375,600.1885986328127,1.0614498006302946,0.4437645904401627,False
Cumprimento de Sentença contra a Fazenda Pública,13ª Vara Federal,2022,450,631.3363647460938,594.786865234375,1.0614497421648954,0.4400581066254021,False
Mandado de Segurança Cível,3ª Vara Federal de Niterói,2022,314,298.9384765625001,281.6928100585938,1.0612215359714687,0.17687553728314864,False
Procedimento Comum Cível,32ª Vara Federal do Rio de Janeiro,2022,179,767.3992919921877,723.6516723632814,1.0604539743355206,0.5206938758746475,False
Cumprimento de Sentença contra a Fazenda Pública,1ª Vara Federal de Serra,2022,199,630.6990966796875,594.786865234375,1.0603783196038825,0.43964439535559274,False
Cumprimento de sentença,16ª Vara Federal do Rio de Janeiro,2022,197,636.05712890625,600.1885986328127,1.0597620987055456,0.44311185391142405,False
Execução Fiscal,2ª Vara de Execução Fiscal do Rio de Janeiro,2022,1405,1290.3959960937502,1220.9298095703123,1.0568961343878445,0.7229718162049867,False
Mandado de Segurança Cível,Vara Federal de Colatina,2022,233,297.1891479492187,281.6928100585938,1.0550114782390134,0.1752979718501142,False
Procedimento do Juizado Especial Cível,2º Juizado Especial Federal de São Gonçalo,2022,1578,408.0003967285155,387.5628356933592,1.0527335419006134,0.27282946285946386,False
Mandado de Segurança Cível,Vara Federal de São Mateus,2022,105,296.3847656250001,281.6928100585938,1.0521559480462077,0.17457247187357494,False
Cumprimento de Sentença contra a Fazenda Pública,Vara Federal de São Mateus,2022,1844,625.8085327148439,594.786865234375,1.0521559390324546,0.4364577270595914,False
Procedimento do Juizado Especial Cível,Vara Federal de São Mateus,2022,1738,407.7765197753905,387.5628356933592,1.0521558885951192,0.27264001394580006,False
Mandado de Segurança Cível,30ª Vara Federal do Rio de Janeiro,2022,153,295.5119323730468,281.6928100585938,1.0490574193625266,0.1737851724999866,False
Mandado de Segurança Cível,6ª Vara Federal de Vitória,2022,1088,295.47137451171875,281.6928100585938,1.0489134403191154,0.1737485877004319,False
Cumprimento de sentença,1ª Vara Federal de Vitória,2022,541,627.8790283203125,600.1885986328127,1.0461362141009953,0.43780939005501673,False
Procedimento do Juizado Especial Cível,1ª Vara Federal de Vitória,2022,80,405.44348144531256,387.5628356933592,1.046136120662768,0.27066345758735944,False
Procedimento Comum Cível,13ª Vara Federal,2022,451,756.8226318359378,723.6516723632814,1.0458382958811214,0.5149488686877726,False
Procedimento Comum Cível,5ª Vara Federal de Volta Redonda,2022,125,755.4039306640625,723.6516723632814,1.043877820660713,0.5141718966452469,False
Execução Fiscal,1ª Vara de Execução Fiscal de São Gonçalo,2022,952,1268.354736328125,1220.9298095703123,1.038843286801641,0.7169476835952957,False
Procedimento Comum Cível,Vara Federal de São Mateus,2022,142,750.1961059570315,723.6516723632814,1.0366812302209736,0.5113067511060834,False
Cumprimento de sentença,45ª Vara Federal do Rio de Janeiro,2022,86,621.7642211914064,600.1885986328127,1.0359480713358125,0.4338067389176048,False
Cumprimento de Sentença contra a Fazenda Pública,45ª Vara Federal do Rio de Janeiro,2022,1025,616.168273925781,594.786865234375,1.0359480175860654,0.43011508978621327,False
Procedimento do Juizado Especial Cível,45ª Vara Federal do Rio de Janeiro,2022,1324,401.49493408203114,387.5628356933592,1.0359479730912462,0.2673087747850398,False
Execução Fiscal,2ª Vara de Execução Fiscal de São João de Meriti,2022,1251,1263.8533935546877,1220.9298095703123,1.0351564714432533,0.7156967663069549,False
Procedimento Comum Cível,31ª Vara Federal,2022,391,748.9351196289065,723.6516723632814,1.0349386980383188,0.5106099199771186,False
Procedimento Comum Cível,16ª Vara Federal do Rio de Janeiro,2022,172,747.9494018554689,723.6516723632814,1.0335765540523614,0.5100643642181704,False
Recurso Inominado Cível,6ª Turma Recursal - Juiz Relator 2 - RJ,2022,912,169.81608581542972,164.50728607177734,1.0322709095166525,0.06492007213772577,False
Procedimento Comum Cível,1ª Vara Federal de Vitória,2022,325,745.9039306640625,723.6516723632814,1.0307499576807586,0.5089299201234867,False
Carta Precatória Cível,"Seção de Distr., Atend. e Apoio Adm.",2022,222,33.2287712097168,32.26791667938233,1.029777395915628,0.0006656944103073936,False
Procedimento Comum Cível,1ª Vara Federal de Serra,2022,726,744.1053466796872,723.6516723632814,1.0282645298802513,0.5079297692297129,False
Mandado de Segurança Cível,1ª Vara Federal de Vitória,2022,1127,289.52331542968756,281.6928100585938,1.027798030661361,0.16838227412413498,False
Cumprimento de sentença,1ª Vara Federal de Serra,2022,1832,615.2833251953126,600.1885986328127,1.0251499721868835,0.429528773859008,False
Procedimento do Juizado Especial Cível,1ª Vara Federal de Serra,2022,2350,397.3100280761717,387.5628356933592,1.025149966625088,0.2637404794939625,False
Mandado de Segurança Cível,1ª Vara Federal de Serra,2022,287,288.77737426757824,281.6928100585938,1.0251499646281734,0.16770922213417805,False
Apelação / Remessa Necessária,GABINETE 09,2022,115,414.3179626464845,404.3545837402344,1.0246402027005357,0.2781594322062515,False
Procedimento Comum Cível,3ª Vara Federal de Niterói,2022,270,740.0086059570311,723.6516723632814,1.0226033245253643,0.5056424354043291,False
Procedimento Comum Cível,4ª Vara Federal de Volta Redonda,2022,151,739.4205932617189,723.6516723632814,1.0217907613575186,0.5053130743558785,False
Procedimento Comum Cível,1ª Vara Federal de Volta Redonda,2022,88,738.8757324218751,723.6516723632814,1.0210378288892437,0.5050076466545061,False
Cumprimento de Sentença contra a Fazenda Pública,30ª Vara Federal do Rio de Janeiro,2022,166,607.0975341796874,594.786865234375,1.0206976139939832,0.4240726559654655,False
Mandado de Segurança Cível,Vara Federal de Barra do Piraí,2022,119,286.64721679687494,281.6928100585938,1.017587977262361,0.16578723319121824,False
Cumprimento de sentença,Vara Federal de Barra do Piraí,2022,99,610.7446899414064,600.1885986328127,1.017587957073226,0.4265109106864404,False
Procedimento do Juizado Especial Cível,Vara Federal de Barra do Piraí,2022,974,394.37927246093744,387.5628356933592,1.0175879525584115,0.2612338267702573,False
Agravo de Instrumento,GABINETE 25,2022,135,323.7711486816407,319.42312622070324,1.0136121091555945,0.1992083148576812,False
Apelação Cível,GABINETE 25,2022,1061,407.51779174804676,402.045135498047,1.0136120444368026,0.2724210252264909,False
Apelação / Remessa Necessária,GABINETE 25,2022,195,409.85867309570295,404.3545837402344,1.013612036506564,0.27440047455549044,False
Outras classes,GABINETE 25,2022,110,256.6521911621093,253.20555114746102,1.0136120239032242,0.1387941779087789,False
Apelação Cível,GABINETE 09,2022,296,407.2973022460938,402.045135498047,1.0130636246637843,0.27223436106536014,False
Agravo de Instrumento,GABINETE 05,2022,155,323.379852294922,319.42312622070324,1.012387099584909,0.1988576899088017,False
Embargos à Execução Fiscal,7ª Vara de Execução Fiscal do Rio de Janeiro,2022,82,521.6105957031251,515.4687500000001,1.011915068960291,0.36349829465281336,False
Cumprimento de Sentença contra a Fazenda Pública,2º Juizado Especial Federal de São Gonçalo,2022,1235,598.6314697265626,594.786865234375,1.0064638355634714,0.41836739090612873,False
Cumprimento de sentença,2º Juizado Especial Federal de São Gonçalo,2022,194,604.0681152343751,600.1885986328127,1.0064638292203478,0.422038438882384,False
Cumprimento de Sentença contra a Fazenda Pública,Vara Federal de Barra do Piraí,2022,1161,597.6104125976561,594.786865234375,1.0047471582314929,0.41767500066932794,False
Procedimento Comum Cível,3ª Vara Federal de Volta Redonda,2022,82,726.828308105469,723.6516723632814,1.0043897303958595,0.49819572605666407,False
Procedimento Comum Cível,Vara Federal de Barra do Piraí,2022,103,725.548828125,723.6516723632814,1.0026216421991025,0.4974656495495341,False
Procedimento Comum Cível,19ª Vara Federal do Rio de Janeiro,2022,207,725.0179443359374,723.9171142578127,1.0015206576228735,0.4971623494481847,False
Apelação Cível,GABINETE 10,2022,307,402.045135498047,402.045135498047,1.0,0.2677769334026485,False
Apelação Cível,GABINETE 19,2022,710,402.045135498047,402.045135498047,1.0,0.2677769334026485,False
Apelação Cível,GABINETE 13,2022,738,402.045135498047,402.045135498047,1.0,0.2677769334026485,False
Apelação Cível,GABINETE 11,2022,290,402.045135498047,402.045135498047,1.0,0.2677769334026485,False
Embargos à Execução Fiscal,9ª Vara de Execução Fiscal do Rio de janeiro,2022,131,515.4687500000001,515.4687500000001,1.0,0.35889040708322983,False
Outras classes,Vara Federal de Itaperuna,2022,82,253.20555114746102,253.20555114746102,1.0,0.13571051280684743,False
Outras classes,GABINETE 29,2022,84,253.20555114746102,253.20555114746102,1.0,0.13571051280684743,False
Embargos à Execução Fiscal,6ª Vara de Execução Fiscal do Rio de Janeiro,2022,103,515.4687500000001,515.4687500000001,1.0,0.35889040708322983,False
Embargos à Execução Fiscal,8ª Vara de Execução Fiscal do Rio de Janeiro,2022,88,515.4687500000001,515.4687500000001,1.0,0.35889040708322983,False
Outras classes,GABINETE 04,2022,205,253.20555114746102,253.20555114746102,1.0,0.13571051280684743,False
Outras classes,GABINETE 06,2022,163,253.20555114746102,253.20555114746102,1.0,0.13571051280684743,False
Outras classes,GABINETE 03,2022,193,253.20555114746102,253.20555114746102,1.0,0.13571051280684743,False
Apelação Cível,GABINETE 23,2022,701,402.045135498047,402.045135498047,1.0,0.2677769334026485,False
Embargos à Execução Fiscal,3ª Vara de Execução Fiscal do Rio de Janeiro,2022,132,515.4687500000001,515.4687500000001,1.0,0.35889040708322983,False
Embargos à Execução Fiscal,3ª Vara de Execução Fiscal de Vitória,2022,96,515.4687500000001,515.4687500000001,1.0,0.35889040708322983,False
Embargos à Execução Fiscal,2ª Vara de Execução Fiscal de Vitória,2022,93,515.4687500000001,515.4687500000001,1.0,0.35889040708322983,False
Embargos à Execução Fiscal,12ª Vara de Execução Fiscal do Rio de Janeiro,2022,136,515.4687500000001,515.4687500000001,1.0,0.35889040708322983,False
Cumprimento de Sentença contra a Fazenda Pública,Vara Federal de Três Rios,2022,998,594.786865234375,594.786865234375,1.0,0.41575548722877476,False
Cumprimento de Sentença contra a Fazenda Pública,Vara Federal de Teresópolis,2022,1376,594.786865234375,594.786865234375,1.0,0.41575548722877476,False
Procedimento do Juizado Especial Cível,Vara Federal de Teresópolis,2022,889,387.5628356933592,387.5628356933592,1.0,0.25537971735962495,False
Procedimento do Juizado Especial Cível,Vara Federal de Três Rios,2022,987,387.5628356933592,387.5628356933592,1.0,0.25537971735962495,False
Cumprimento de Sentença contra a Fazenda Pública,Vara Federal de Resende,2022,636,594.786865234375,594.786865234375,1.0,0.41575548722877476,False
Apelação / Remessa Necessária,GABINETE 29,2022,151,404.3545837402344,404.3545837402344,1.0,0.26973951356919423,False
Apelação Cível,GABINETE 03,2022,715,402.045135498047,402.045135498047,1.0,0.2677769334026485,False
Apelação Cível,GABINETE 04,2022,692,402.045135498047,402.045135498047,1.0,0.2677769334026485,False
Apelação Cível,GABINETE 06,2022,678,402.045135498047,402.045135498047,1.0,0.2677769334026485,False
Apelação Cível,GABINETE 05,2022,538,402.045135498047,402.045135498047,1.0,0.2677769334026485,False
Cumprimento de Sentença contra a Fazenda Pública,Vara Federal de Macaé,2022,1521,594.786865234375,594.786865234375,1.0,0.41575548722877476,False
Cumprimento de Sentença contra a Fazenda Pública,Vara Federal de Nova Friburgo,2022,84,594.786865234375,594.786865234375,1.0,0.41575548722877476,False
Apelação / Remessa Necessária,GABINETE 24,2022,95,404.3545837402344,404.3545837402344,1.0,0.26973951356919423,False
Execução Fiscal,12ª Vara de Execução Fiscal do Rio de Janeiro,2022,1295,1220.9298095703123,1220.9298095703123,1.0,0.703403960892721,False
Execução Fiscal,10ª Vara de Execução Fiscal do Rio de Janeiro,2022,1433,1220.9298095703123,1220.9298095703123,1.0,0.703403960892721,False
Execução Fiscal,11ª Vara de Execução Fiscal do Rio de Janeiro,2022,1389,1220.9298095703123,1220.9298095703123,1.0,0.703403960892721,False
Procedimento do Juizado Especial Cível,Núcleo de Justiça 4.0,2022,84,387.5628356933592,387.5628356933592,1.0,0.25537971735962495,False
Procedimento do Juizado Especial Cível,Vara Federal de Itaperuna,2022,2479,387.5628356933592,387.5628356933592,1.0,0.25537971735962495,False
Procedimento do Juizado Especial Cível,Vara Federal de Macaé,2022,1617,387.5628356933592,387.5628356933592,1.0,0.25537971735962495,False
Agravo de Instrumento,GABINETE 03,2022,155,319.42312622070324,319.42312622070324,1.0,0.19530941218334297,False
Remessa Necessária Cível,GABINETE 05,2022,395,222.00978088378906,222.00978088378906,1.0,0.10816212235485911,False
Remessa Necessária Cível,GABINETE 04,2022,377,222.00978088378906,222.00978088378906,1.0,0.10816212235485911,False
Remessa Necessária Cível,GABINETE 03,2022,403,222.00978088378906,222.00978088378906,1.0,0.10816212235485911,False
Apelação Cível,GABINETE 01,2022,747,402.045135498047,402.045135498047,1.0,0.2677769334026485,False
Apelação / Remessa Necessária,GABINETE 27,2022,122,404.3545837402344,404.3545837402344,1.0,0.26973951356919423,False
Apelação / Remessa Necessária,GABINETE 28,2022,140,404.3545837402344,404.3545837402344,1.0,0.26973951356919423,False
Remessa Necessária Cível,GABINETE 06,2022,359,222.00978088378906,222.00978088378906,1.0,0.10816212235485911,False
Remessa Necessária Cível,GABINETE 27,2022,120,222.00978088378906,222.00978088378906,1.0,0.10816212235485911,False
Outras classes,29ª Vara Federal do Rio de Janeiro,2022,125,253.20555114746102,253.20555114746102,1.0,0.13571051280684743,False
Cumprimento de Sentença contra a Fazenda Pública,1 º Núcleo de Justiça 4.0 - SJRJ - Previdenciário,2022,142,594.786865234375,594.786865234375,1.0,0.41575548722877476,False
Outras classes,GABINETE 01,2022,114,253.20555114746102,253.20555114746102,1.0,0.13571051280684743,False
Outras classes,9ª Vara Federal Criminal do Rio de Janeiro,2022,520,253.20555114746102,253.20555114746102,1.0,0.13571051280684743,False
Outras classes,7ª Turma Recursal - Juiz Relator 3 - RJ,2022,100,253.20555114746102,253.20555114746102,1.0,0.13571051280684743,False
Outras classes,7ª Vara Federal Criminal do Rio de Janeiro,2022,241,253.20555114746102,253.20555114746102,1.0,0.13571051280684743,False
Outras classes,6ª Vara Federal do Rio de Janeiro,2022,98,253.20555114746102,253.20555114746102,1.0,0.13571051280684743,False
Outras classes,5ª Vara Federal do Rio de Janeiro,2022,133,253.20555114746102,253.20555114746102,1.0,0.13571051280684743,False
Execução Fiscal,2ª Vara de Execução Fiscal de Vitória,2022,2635,1220.9298095703123,1220.9298095703123,1.0,0.703403960892721,False
Procedimento do Juizado Especial Cível,1ª Vara Federal de São Pedro da Aldeia,2022,762,387.5628356933592,387.5628356933592,1.0,0.25537971735962495,False
Procedimento do Juizado Especial Cível,1ª Vara Federal de Petrópolis,2022,569,387.5628356933592,387.5628356933592,1.0,0.25537971735962495,False
Cumprimento de Sentença contra a Fazenda Pública,5ª Vara Federal do Rio de Janeiro,2022,600,594.786865234375,594.786865234375,1.0,0.41575548722877476,False
Execução Fiscal,7ª Vara de Execução Fiscal do Rio de Janeiro,2022,1419,1220.9298095703123,1220.9298095703123,1.0,0.703403960892721,False
Execução Fiscal,6ª Vara de Execução Fiscal do Rio de Janeiro,2022,1350,1220.9298095703123,1220.9298095703123,1.0,0.703403960892721,False
Execução Fiscal,9ª Vara de Execução Fiscal do Rio de janeiro,2022,1354,1220.9298095703123,1220.9298095703123,1.0,0.703403960892721,False
Execução Fiscal,1ª Vara de Execução Fiscal do Rio de Janeiro,2022,1435,1220.9298095703123,1220.9298095703123,1.0,0.703403960892721,False
Embargos à Execução Fiscal,5ª Vara de Execução Fiscal do Rio de Janeiro,2022,110,515.4687500000001,515.4687500000001,1.0,0.35889040708322983,False
Embargos à Execução Fiscal,4ª Vara de Execução Fiscal de Vitória,2022,109,515.4687500000001,515.4687500000001,1.0,0.35889040708322983,False
Procedimento do Juizado Especial Cível,1 º Núcleo de Justiça 4.0 - SJRJ - Previdenciário,2022,163,387.5628356933592,387.5628356933592,1.0,0.25537971735962495,False
Procedimento do Juizado Especial Cível,13º Juizado Especial Federal do Rio de Janeiro,2022,1330,387.5628356933592,387.5628356933592,1.0,0.25537971735962495,False
Procedimento do Juizado Especial Cível,15ª Vara Federal do Rio de Janeiro,2022,1581,387.5628356933592,387.5628356933592,1.0,0.25537971735962495,False
Procedimento do Juizado Especial Cível,14º Juizado Especial Federal do Rio de Janeiro,2022,1441,387.5628356933592,387.5628356933592,1.0,0.25537971735962495,False
Procedimento do Juizado Especial Cível,12º Juizado Especial Federal do Rio de Janeiro,2022,1434,387.5628356933592,387.5628356933592,1.0,0.25537971735962495,False
Procedimento do Juizado Especial Cível,5ª Vara Federal do Rio de Janeiro,2022,1968,387.5628356933592,387.5628356933592,1.0,0.25537971735962495,False
Procedimento do Juizado Especial Cível,Vara Federal de Resende,2022,875,387.5628356933592,387.5628356933592,1.0,0.25537971735962495,False
Cumprimento de Sentença contra a Fazenda Pública,7ª Vara Federal do Rio de Janeiro,2022,211,594.786865234375,594.786865234375,1.0,0.41575548722877476,False
Cumprimento de Sentença contra a Fazenda Pública,Vara Federal de Itaperuna,2022,1307,594.786865234375,594.786865234375,1.0,0.41575548722877476,False
Embargos à Execução Fiscal,11ª Vara de Execução Fiscal do Rio de Janeiro,2022,105,515.4687500000001,515.4687500000001,1.0,0.35889040708322983,False
Mandado de Segurança Cível,18ª Vara Federal do Rio de Janeiro,2022,800,281.6928100585938,281.6928100585938,1.0,0.16131766349375587,False
Outras classes,3ª Vara Federal de São João de Meriti,2022,183,253.20555114746102,253.20555114746102,1.0,0.13571051280684743,False
Outras classes,3ª Vara Federal de São Gonçalo,2022,133,253.20555114746102,253.20555114746102,1.0,0.13571051280684743,False
Outras classes,2ª Vara Federal Criminal de Vitória,2022,442,253.20555114746102,253.20555114746102,1.0,0.13571051280684743,False
Outras classes,4ª Vara Federal Criminal do Rio de Janeiro,2022,172,253.20555114746102,253.20555114746102,1.0,0.13571051280684743,False
Outras classes,3ª Vara Federal do Rio de Janeiro,2022,116,253.20555114746102,253.20555114746102,1.0,0.13571051280684743,False
Mandado de Segurança Cível,20ª Vara Federal do Rio de Janeiro,2022,169,281.6928100585938,281.6928100585938,1.0,0.16131766349375587,False
Cumprimento de Sentença contra a Fazenda Pública,3ª Vara Federal de São Gonçalo,2022,120,594.786865234375,594.786865234375,1.0,0.41575548722877476,False
Apelação / Remessa Necessária,GABINETE 19,2022,86,404.3545837402344,404.3545837402344,1.0,0.26973951356919423,False
Cumprimento de Sentença contra a Fazenda Pública,33ª Vara Federal do Rio de Janeiro,2022,104,594.786865234375,594.786865234375,1.0,0.41575548722877476,False
Apelação / Remessa Necessária,GABINETE 13,2022,88,404.3545837402344,404.3545837402344,1.0,0.26973951356919423,False
Apelação / Remessa Necessária,GABINETE 10,2022,81,404.3545837402344,404.3545837402344,1.0,0.26973951356919423,False
Procedimento do Juizado Especial Cível,2ª Vara Federal de São Pedro da Aldeia,2022,1670,387.5628356933592,387.5628356933592,1.0,0.25537971735962495,False
Procedimento do Juizado Especial Cível,2ª Vara Federal de Duque de Caxias,2022,1304,387.5628356933592,387.5628356933592,1.0,0.25537971735962495,False
Procedimento do Juizado Especial Cível,2ª Vara Federal de Cachoeiro do Itapemirim,2022,881,387.5628356933592,387.5628356933592,1.0,0.25537971735962495,False
Procedimento do Juizado Especial Cível,33ª Vara Federal do Rio de Janeiro,2022,1748,387.5628356933592,387.5628356933592,1.0,0.25537971735962495,False
Procedimento do Juizado Especial Cível,2 º Núcleo de Justiça 4.0 - SJRJ - Previdenciário,2022,188,387.5628356933592,387.5628356933592,1.0,0.25537971735962495,False
Outras classes,5ª Vara Federal Criminal do Rio de Janeiro,2022,132,253.20555114746102,253.20555114746102,1.0,0.13571051280684743,False
Procedimento do Juizado Especial Cível,1º Juizado Especial Federal de Vitória,2022,2216,387.5628356933592,387.5628356933592,1.0,0.25537971735962495,False
Procedimento do Juizado Especial Cível,1º Núcleo de Justiça 4.0 - SJES - Previdenciário,2022,173,387.5628356933592,387.5628356933592,1.0,0.25537971735962495,False
Mandado de Segurança Cível,31ª Vara Federal,2022,614,281.6928100585938,281.6928100585938,1.0,0.16131766349375587,False
Mandado de Segurança Cível,17ª Vara Federal do Rio de Janeiro,2022,147,281.6928100585938,281.6928100585938,1.0,0.16131766349375587,False
Execução Fiscal,5ª Vara de Execução Fiscal do Rio de Janeiro,2022,1385,1220.9298095703123,1220.9298095703123,1.0,0.703403960892721,False
Apelação / Remessa Necessária,GABINETE 03,2022,171,404.3545837402344,404.3545837402344,1.0,0.26973951356919423,False
Apelação / Remessa Necessária,GABINETE 04,2022,131,404.3545837402344,404.3545837402344,1.0,0.26973951356919423,False
Apelação / Remessa Necessária,GABINETE 05,2022,153,404.3545837402344,404.3545837402344,1.0,0.26973951356919423,False
Apelação / Remessa Necessária,GABINETE 06,2022,155,404.3545837402344,404.3545837402344,1.0,0.26973951356919423,False
Apelação / Remessa Necessária,GABINETE 01,2022,166,404.3545837402344,404.3545837402344,1.0,0.26973951356919423,False
Cumprimento de Sentença contra a Fazenda Pública,4ª Vara Federal de São Gonçalo,2022,1077,594.786865234375,594.786865234375,1.0,0.41575548722877476,False
Cumprimento de Sentença contra a Fazenda Pública,4ª Vara Federal do Rio de Janeiro,2022,121,594.786865234375,594.786865234375,1.0,0.41575548722877476,False
Execução Fiscal,4ª Vara de Execução Fiscal de Vitória,2022,2771,1220.9298095703123,1220.9298095703123,1.0,0.703403960892721,False
Cumprimento de Sentença contra a Fazenda Pública,4º Juizado Especial de Vitória,2022,1692,594.786865234375,594.786865234375,1.0,0.41575548722877476,False
Execução Fiscal,4ª Vara de Execução Fiscal do Rio de Janeiro,2022,1444,1220.9298095703123,1220.9298095703123,1.0,0.703403960892721,False
Cumprimento de Sentença contra a Fazenda Pública,3ª Vara federal de cachoeiro de itapemirim,2022,2153,594.786865234375,594.786865234375,1.0,0.41575548722877476,False
Cumprimento de Sentença contra a Fazenda Pública,3º Juizado Especial Federal de São Gonçalo,2022,444,594.786865234375,594.786865234375,1.0,0.41575548722877476,False
Outras classes,2ª Vara Federal do Rio de Janeiro,2022,125,253.20555114746102,253.20555114746102,1.0,0.13571051280684743,False
Mandado de Segurança Cível,27ª Vara Federal do Rio de Janeiro,2022,140,281.6928100585938,281.6928100585938,1.0,0.16131766349375587,False
Mandado de Segurança Cível,26ª Vara Federal do Rio de Janeiro,2022,155,281.6928100585938,281.6928100585938,1.0,0.16131766349375587,False
Cumprimento de Sentença contra a Fazenda Pública,2ª Vara Federal de São Pedro da Aldeia,2022,1290,594.786865234375,594.786865234375,1.0,0.41575548722877476,False
Cumprimento de Sentença contra a Fazenda Pública,2ª Vara Federal de Duque de Caxias,2022,246,594.786865234375,594.786865234375,1.0,0.41575548722877476,False
Cumprimento de Sentença contra a Fazenda Pública,27ª Vara Federal do Rio de Janeiro,2022,168,594.786865234375,594.786865234375,1.0,0.41575548722877476,False
Cumprimento de Sentença contra a Fazenda Pública,25ª Vara Federal,2022,404,594.786865234375,594.786865234375,1.0,0.41575548722877476,False
Cumprimento de Sentença contra a Fazenda Pública,2 º Núcleo de Justiça 4.0 - SJRJ - Previdenciário,2022,116,594.786865234375,594.786865234375,1.0,0.41575548722877476,False
Cumprimento de Sentença contra a Fazenda Pública,1º Núcleo de Justiça 4.0 - SJES - Previdenciário,2022,191,594.786865234375,594.786865234375,1.0,0.41575548722877476,False
Cumprimento de Sentença contra a Fazenda Pública,1º Juizado Especial Federal de Vitória,2022,2583,594.786865234375,594.786865234375,1.0,0.41575548722877476,False
Mandado de Segurança Cível,3ª Vara federal de cachoeiro de itapemirim,2022,153,281.6928100585938,281.6928100585938,1.0,0.16131766349375587,False
Mandado de Segurança Cível,1ª Vara Federal de São Pedro da Aldeia,2022,148,281.6928100585938,281.6928100585938,1.0,0.16131766349375587,False
Cumprimento de Sentença contra a Fazenda Pública,2ª Vara Federal do Rio de Janeiro,2022,106,594.786865234375,594.786865234375,1.0,0.41575548722877476,False
Mandado de Segurança Cível,2ª Vara Federal de São Pedro da Aldeia,2022,396,281.6928100585938,281.6928100585938,1.0,0.16131766349375587,False
Mandado de Segurança Cível,2ª Vara Federal de Duque de Caxias,2022,208,281.6928100585938,281.6928100585938,1.0,0.16131766349375587,False
Mandado de Segurança Cível,2ª Vara Federal do Rio de Janeiro,2022,201,281.6928100585938,281.6928100585938,1.0,0.16131766349375587,False
Outras classes,17ª Vara Federal do Rio de Janeiro,2022,106,253.20555114746102,253.20555114746102,1.0,0.13571051280684743,False
Mandado de Segurança Cível,Vara Federal de Resende,2022,119,281.6928100585938,281.6928100585938,1.0,0.16131766349375587,False
Mandado de Segurança Cível,Vara Federal de Nova Friburgo,2022,101,281.6928100585938,281.6928100585938,1.0,0.16131766349375587,False
Apelação Cível,GABINETE 31,2022,943,402.045135498047,402.045135498047,1.0,0.2677769334026485,False
Apelação Cível,GABINETE 29,2022,989,402.045135498047,402.045135498047,1.0,0.2677769334026485,False
Apelação Cível,GABINETE 28,2022,460,402.045135498047,402.045135498047,1.0,0.2677769334026485,False
Mandado de Segurança Cível,4ª Vara Federal do Rio de Janeiro,2022,173,281.6928100585938,281.6928100585938,1.0,0.16131766349375587,False
Procedimento do Juizado Especial Cível,4º Juizado Especial de Vitória,2022,951,387.5628356933592,387.5628356933592,1.0,0.25537971735962495,False
Mandado de Segurança Cível,29ª Vara Federal do Rio de Janeiro,2022,256,281.6928100585938,281.6928100585938,1.0,0.16131766349375587,False
Outras classes,26ª Vara Federal do Rio de Janeiro,2022,109,253.20555114746102,253.20555114746102,1.0,0.13571051280684743,False
Apelação Cível,GABINETE 24,2022,769,402.045135498047,402.045135498047,1.0,0.2677769334026485,False
Apelação Cível,GABINETE 27,2022,347,402.045135498047,402.045135498047,1.0,0.2677769334026485,False
Mandado de Segurança Cível,2ª Vara Federal de Cachoeiro do Itapemirim,2022,242,281.6928100585938,281.6928100585938,1.0,0.16131766349375587,False
Outras classes,1ª Vara Federal de Petrópolis,2022,84,253.20555114746102,253.20555114746102,1.0,0.13571051280684743,False
Outras classes,1ª Vara Federal de São Pedro da Aldeia,2022,121,253.20555114746102,253.20555114746102,1.0,0.13571051280684743,False
Outras classes,20ª Vara Federal do Rio de Janeiro,2022,125,253.20555114746102,253.20555114746102,1.0,0.13571051280684743,False
Outras classes,18ª Vara Federal do Rio de Janeiro,2022,90,253.20555114746102,253.20555114746102,1.0,0.13571051280684743,False
Mandado de Segurança Cível,Vara Federal de Teresópolis,2022,125,281.6928100585938,281.6928100585938,1.0,0.16131766349375587,False
Mandado de Segurança Cível,3ª Vara Federal do Rio de Janeiro,2022,184,281.6928100585938,281.6928100585938,1.0,0.16131766349375587,False
Mandado de Segurança Cível,3ª Vara Federal de São Gonçalo,2022,231,281.6928100585938,281.6928100585938,1.0,0.16131766349375587,False
Mandado de Segurança Cível,Vara Federal de Macaé,2022,378,281.6928100585938,281.6928100585938,1.0,0.16131766349375587,False
Mandado de Segurança Cível,Vara Federal de Itaperuna,2022,527,281.6928100585938,281.6928100585938,1.0,0.16131766349375587,False
Mandado de Segurança Cível,9ª Vara Federal,2022,456,281.6928100585938,281.6928100585938,1.0,0.16131766349375587,False
Mandado de Segurança Cível,6ª Vara Federal do Rio de Janeiro,2022,167,281.6928100585938,281.6928100585938,1.0,0.16131766349375587,False
Mandado de Segurança Cível,7ª Vara Federal do Rio de Janeiro,2022,115,281.6928100585938,281.6928100585938,1.0,0.16131766349375587,False
Procedimento do Juizado Especial Cível,4ª Vara Federal de São Gonçalo,2022,1783,387.5628356933592,387.5628356933592,1.0,0.25537971735962495,False
Cumprimento de Sentença contra a Fazenda Pública,1ª Vara Federal de São Pedro da Aldeia,2022,352,594.786865234375,594.786865234375,1.0,0.41575548722877476,False
Procedimento do Juizado Especial Cível,3º Juizado Especial Federal de São Gonçalo,2022,369,387.5628356933592,387.5628356933592,1.0,0.25537971735962495,False
Cumprimento de Sentença contra a Fazenda Pública,1ª Vara Federal de Petrópolis,2022,107,594.786865234375,594.786865234375,1.0,0.41575548722877476,False
Cumprimento de Sentença contra a Fazenda Pública,12º Juizado Especial Federal do Rio de Janeiro,2022,908,594.786865234375,594.786865234375,1.0,0.41575548722877476,False
Cumprimento de Sentença contra a Fazenda Pública,14º Juizado Especial Federal do Rio de Janeiro,2022,798,594.786865234375,594.786865234375,1.0,0.41575548722877476,False
Outras classes,10ª Vara Federal Criminal do Rio de Janeiro,2022,145,253.20555114746102,253.20555114746102,1.0,0.13571051280684743,False
Mandado de Segurança Cível,Vara Federal de Três Rios,2022,176,281.6928100585938,281.6928100585938,1.0,0.16131766349375587,False
Agravo de Instrumento,GABINETE 09,2022,398,319.42312622070324,319.42312622070324,1.0,0.19530941218334297,False
Agravo de Instrumento,GABINETE 06,2022,178,319.42312622070324,319.42312622070324,1.0,0.19530941218334297,False
Agravo de Instrumento,GABINETE 04,2022,187,319.42312622070324,319.42312622070324,1.0,0.19530941218334297,False
Remessa Necessária Cível,GABINETE 28,2022,119,222.00978088378906,222.00978088378906,1.0,0.10816212235485911,False
Procedimento do Juizado Especial Cível,3ª Vara federal de cachoeiro de itapemirim,2022,1132,387.5628356933592,387.5628356933592,1.0,0.25537971735962495,False
Agravo de Instrumento,GABINETE 13,2022,537,319.42312622070324,319.42312622070324,1.0,0.19530941218334297,False
Agravo de Instrumento,GABINETE 31,2022,591,319.42312622070324,319.42312622070324,1.0,0.19530941218334297,False
Agravo de Instrumento,GABINETE 10,2022,368,319.42312622070324,319.42312622070324,1.0,0.19530941218334297,False
Remessa Necessária Cível,GABINETE 25,2022,468,222.00978088378906,222.00978088378906,1.0,0.10816212235485911,False
Agravo de Instrumento,GABINETE 11,2022,415,319.42312622070324,319.42312622070324,1.0,0.19530941218334297,False
Agravo de Instrumento,GABINETE 23,2022,496,319.42312622070324,319.42312622070324,1.0,0.19530941218334297,False
Agravo de Instrumento,GABINETE 24,2022,535,319.42312622070324,319.42312622070324,1.0,0.19530941218334297,False
Agravo de Instrumento,GABINETE 27,2022,499,319.42312622070324,319.42312622070324,1.0,0.19530941218334297,False
Agravo de Instrumento,GABINETE 28,2022,515,319.42312622070324,319.42312622070324,1.0,0.19530941218334297,False
Agravo de Instrumento,GABINETE 29,2022,702,319.42312622070324,319.42312622070324,1.0,0.19530941218334297,False
Agravo de Instrumento,GABINETE 01,2022,181,319.42312622070324,319.42312622070324,1.0,0.19530941218334297,False
Apelação / Remessa Necessária,GABINETE 07,2022,92,402.89819335937494,404.3545837402344,0.9963982345213254,0.2685023366441893,False
Procedimento Comum Cível,30ª Vara Federal do Rio de Janeiro,2022,159,722.2854003906253,725.2833862304688,0.9958664628243797,0.4955977232473272,False
Procedimento Comum Cível,28ª Vara Federal do Rio de Janeiro,2022,202,721.3347778320312,725.2833862304688,0.9945557716150653,0.495052033203617,False
Cumprimento de sentença,1ª Vara Federal de São Pedro da Aldeia,2022,244,600.1885986328127,604.0681152343751,0.9935776835364715,0.41942151171624853,False
Cumprimento de sentença,5ª Vara Federal do Rio de Janeiro,2022,196,600.1885986328127,604.0681152343751,0.9935776835364715,0.41942151171624853,False
Cumprimento de sentença,4ª Vara Federal do Rio de Janeiro,2022,145,600.1885986328127,604.0681152343751,0.9935776835364715,0.41942151171624853,False
Cumprimento de sentença,27ª Vara Federal do Rio de Janeiro,2022,159,600.1885986328127,604.0681152343751,0.9935776835364715,0.41942151171624853,False
Cumprimento de sentença,1ª Vara Federal de Petrópolis,2022,139,600.1885986328127,604.0681152343751,0.9935776835364715,0.41942151171624853,False
Cumprimento de sentença,20ª Vara Federal do Rio de Janeiro,2022,153,600.1885986328127,604.0681152343751,0.9935776835364715,0.41942151171624853,False
Cumprimento de sentença,4ª Vara Federal de São Gonçalo,2022,202,600.1885986328127,604.0681152343751,0.9935776835364715,0.41942151171624853,False
Cumprimento de sentença,18ª Vara Federal do Rio de Janeiro,2022,268,600.1885986328127,604.0681152343751,0.9935776835364715,0.41942151171624853,False
Cumprimento de sentença,29ª Vara Federal do Rio de Janeiro,2022,167,600.1885986328127,604.0681152343751,0.9935776835364715,0.41942151171624853,False
Cumprimento de sentença,12º Juizado Especial Federal do Rio de Janeiro,2022,86,600.1885986328127,604.0681152343751,0.9935776835364715,0.41942151171624853,False
Cumprimento de sentença,17ª Vara Federal do Rio de Janeiro,2022,221,600.1885986328127,604.0681152343751,0.9935776835364715,0.41942151171624853,False
Cumprimento de sentença,2ª Vara Federal de Duque de Caxias,2022,248,600.1885986328127,604.0681152343751,0.9935776835364715,0.41942151171624853,False
Cumprimento de sentença,2ª Vara Federal de Cachoeiro do Itapemirim,2022,2388,600.1885986328127,604.0681152343751,0.9935776835364715,0.41942151171624853,False
Cumprimento de sentença,2ª Vara Federal do Rio de Janeiro,2022,123,600.1885986328127,604.0681152343751,0.9935776835364715,0.41942151171624853,False
Cumprimento de sentença,2ª Vara Federal de São Pedro da Aldeia,2022,92,600.1885986328127,604.0681152343751,0.9935776835364715,0.41942151171624853,False
Cumprimento de sentença,14º Juizado Especial Federal do Rio de Janeiro,2022,190,600.1885986328127,604.0681152343751,0.9935776835364715,0.41942151171624853,False
Cumprimento de sentença,26ª Vara Federal do Rio de Janeiro,2022,159,600.1885986328127,604.0681152343751,0.9935776835364715,0.41942151171624853,False
Cumprimento de sentença,Vara Federal de Itaperuna,2022,95,600.1885986328127,604.0681152343751,0.9935776835364715,0.41942151171624853,False
Cumprimento de sentença,3ª Vara Federal de São Gonçalo,2022,83,600.1885986328127,604.0681152343751,0.9935776835364715,0.41942151171624853,False
Cumprimento de sentença,6ª Vara Federal do Rio de Janeiro,2022,115,600.1885986328127,604.0681152343751,0.9935776835364715,0.41942151171624853,False
Cumprimento de sentença,7ª Vara Federal do Rio de Janeiro,2022,118,600.1885986328127,604.0681152343751,0.9935776835364715,0.41942151171624853,False
Cumprimento de sentença,Vara Federal de Teresópolis,2022,118,600.1885986328127,604.0681152343751,0.9935776835364715,0.41942151171624853,False
Cumprimento de sentença,Vara Federal de Macaé,2022,338,600.1885986328127,604.0681152343751,0.9935776835364715,0.41942151171624853,False
Cumprimento de sentença,3ª Vara Federal do Rio de Janeiro,2022,188,600.1885986328127,604.0681152343751,0.9935776835364715,0.41942151171624853,False
Cumprimento de sentença,Vara Federal de Três Rios,2022,85,600.1885986328127,604.0681152343751,0.9935776835364715,0.41942151171624853,False
Cumprimento de sentença,33ª Vara Federal do Rio de Janeiro,2022,1140,600.1885986328127,604.0681152343751,0.9935776835364715,0.41942151171624853,False
Cumprimento de sentença,13º Juizado Especial Federal do Rio de Janeiro,2022,1068,600.1885986328127,604.0681152343751,0.9935776835364715,0.41942151171624853,False
Cumprimento de Sentença contra a Fazenda Pública,11º Juizado Especial Federal,2022,1988,588.2020263671875,594.786865234375,0.9889290782092292,0.41125130573254776,False
Procedimento do Juizado Especial Cível,11º Juizado Especial Federal,2022,2210,383.2721252441405,387.5628356933592,0.9889289940777152,0.25167790472282237,False
Recurso Inominado Cível,5ª Turma Recursal - Juiz Relator 2 - RJ,2022,1394,164.70382690429685,167.0634155273438,0.9858760901326074,0.060994108596929775,False
Remessa Necessária Cível,GABINETE 26,2022,483,218.69105529785165,222.00978088378906,0.9850514442529241,0.1052839520435701,False
Procedimento Comum Cível,24ª Vara Federal do Rio de Janeiro,2022,165,714.162292480469,725.2833862304688,0.9846665538448361,0.49091182227995145,False
Mandado de Segurança Cível,25ª Vara Federal,2022,764,277.3029479980469,281.6928100585938,0.9844161373531904,0.15735914220576275,False
Procedimento do Juizado Especial Cível,3º Juizado Especial Federal de Vitória,2022,1991,381.2915954589843,387.5628356933592,0.9838187781262476,0.24996491326280712,False
Agravo de Instrumento,GABINETE 20,2022,542,314.20205688476557,319.42312622070324,0.9836546921391965,0.19062010739473356,False
Apelação Cível,GABINETE 20,2022,749,395.47357177734386,402.045135498047,0.9836546617768117,0.26217050968213085,False
Procedimento Comum Cível,2ª Vara Federal de Duque de Caxias,2022,216,713.0084838867189,725.2833862304688,0.98307571553852,0.49024200345666846,False
Procedimento Comum Cível,29ª Vara Federal do Rio de Janeiro,2022,165,713.0084838867189,725.2833862304688,0.98307571553852,0.49024200345666846,False
Procedimento Comum Cível,2ª Vara Federal de São Pedro da Aldeia,2022,150,713.0084838867189,725.2833862304688,0.98307571553852,0.49024200345666846,False
Procedimento Comum Cível,2ª Vara Federal do Rio de Janeiro,2022,150,713.0084838867189,725.2833862304688,0.98307571553852,0.49024200345666846,False
Procedimento Comum Cível,1ª Vara Federal de São Pedro da Aldeia,2022,184,713.0084838867189,725.2833862304688,0.98307571553852,0.49024200345666846,False
Procedimento Comum Cível,Vara Federal de Itaperuna,2022,114,713.0084838867189,725.2833862304688,0.98307571553852,0.49024200345666846,False
Procedimento Comum Cível,Vara Federal de Teresópolis,2022,167,713.0084838867189,725.2833862304688,0.98307571553852,0.49024200345666846,False
Procedimento Comum Cível,17ª Vara Federal do Rio de Janeiro,2022,146,713.0084838867189,725.2833862304688,0.98307571553852,0.49024200345666846,False
Procedimento Comum Cível,18ª Vara Federal do Rio de Janeiro,2022,460,713.0084838867189,725.2833862304688,0.98307571553852,0.49024200345666846,False
Procedimento Comum Cível,Vara Federal de Macaé,2022,224,713.0084838867189,725.2833862304688,0.98307571553852,0.49024200345666846,False
Procedimento Comum Cível,Vara Federal de Resende,2022,126,713.0084838867189,725.2833862304688,0.98307571553852,0.49024200345666846,False
Procedimento Comum Cível,Vara Federal de Nova Friburgo,2022,128,713.0084838867189,725.2833862304688,0.98307571553852,0.49024200345666846,False
Procedimento Comum Cível,27ª Vara Federal do Rio de Janeiro,2022,148,713.0084838867189,725.2833862304688,0.98307571553852,0.49024200345666846,False
Procedimento Comum Cível,3ª Vara Federal de São Gonçalo,2022,298,713.0084838867189,725.2833862304688,0.98307571553852,0.49024200345666846,False
Procedimento Comum Cível,3ª Vara Federal do Rio de Janeiro,2022,145,713.0084838867189,725.2833862304688,0.98307571553852,0.49024200345666846,False
Procedimento Comum Cível,26ª Vara Federal do Rio de Janeiro,2022,157,713.0084838867189,725.2833862304688,0.98307571553852,0.49024200345666846,False
Procedimento Comum Cível,20ª Vara Federal do Rio de Janeiro,2022,183,713.0084838867189,725.2833862304688,0.98307571553852,0.49024200345666846,False
Procedimento Comum Cível,7ª Vara Federal do Rio de Janeiro,2022,109,713.0084838867189,725.2833862304688,0.98307571553852,0.49024200345666846,False
Procedimento Comum Cível,25ª Vara Federal,2022,462,713.0084838867189,725.2833862304688,0.98307571553852,0.49024200345666846,False
Recurso Inominado Cível,6ª Turma Recursal - Juiz Relator 3 - RJ,2022,920,164.31074523925787,167.25995635986328,0.9823675003581842,0.06069520980924936,False
Outras classes,5ª Vara Federal de Vitória,2022,144,248.55747985839855,253.20555114746102,0.981643090888021,0.13156152549307398,False
Cumprimento de Sentença contra a Fazenda Pública,1ª Vara Federal de Vitória,2022,276,582.8964843749999,594.786865234375,0.9800090056550094,0.4075939455523435,False
Execução de Título Extrajudicial,4ª Vara Federal de Niterói,2022,88,729.7816162109375,744.8838806152345,0.979725344047151,0.499876019565451,False
Cumprimento de Sentença contra a Fazenda Pública,3º Juizado Especial Federal de Vitória,2022,2776,581.3630981445314,594.786865234375,0.9774309624598821,0.4065322019048693,False
Recurso Inominado Cível,2ª Turma Recursal - Juiz Relator 2 - ES,2022,1017,163.47961425781247,167.25995635986328,0.9773984031544447,0.06006465411151851,False
Cumprimento de sentença,5ª Vara Federal de Vitória,2022,230,589.1710205078123,604.0681152343751,0.9753387170240183,0.41191655351830514,False
Cumprimento de Sentença contra a Fazenda Pública,4ª Vara Federal de Nova Iguaçu,2022,1015,579.5866699218751,594.786865234375,0.9744442989565509,0.40529952756998755,False
Cumprimento de sentença,4ª Vara Federal de Duque de Caxias,2022,1263,587.7923583984373,604.0681152343751,0.973056421245437,0.4109698016524037,False
Mandado de Segurança Cível,2ª Vara Federal de São Gonçalo,2022,237,274.01074218750006,281.6928100585938,0.9727289174704323,0.15439218391567167,False
Procedimento Comum Cível,2ª Vara Federal de São Gonçalo,2022,295,704.2599487304688,725.2833862304688,0.9710134853505117,0.48512872505171567,False
Execução Fiscal,8ª Vara de Execução Fiscal do Rio de Janeiro,2022,1420,1183.080810546875,1220.9298095703123,0.968999856726606,0.6919929086456329,False
Procedimento Comum Cível,7ª Vara Federal de São João de Meriti,2022,93,702.7145385742188,725.2833862304688,0.9688827180041342,0.48421911000375695,False
Cumprimento de Sentença contra a Fazenda Pública,3ª Vara Federal de Nova Iguaçu,2022,568,576.0225219726561,594.786865234375,0.9684519878321038,0.4028177729109065,False
Procedimento Comum Cível,5ª Vara Federal de Vitória,2022,273,699.9197998046877,725.2833862304688,0.9650294120790444,0.482569272318771,False
Procedimento Comum Cível,23ª Vara Federal do Rio de Janeiro,2022,230,699.736267089844,725.2833862304688,0.9647763624182799,0.48246070592355705,False
Agravo de Instrumento,GABINETE 19,2022,567,308.0494689941405,319.42312622070324,0.9643931315771289,0.1850852045574205,False
Procedimento Comum Cível,21ª Vara Federal do Rio de Janeiro,2022,153,699.2943115234377,725.2833862304688,0.9641670067170508,0.48219916131066276,False
Execução Fiscal,3ª Vara de Execução Fiscal de Vitória,2022,2725,1171.209350585938,1220.9298095703123,0.9592765623423736,0.6882981406354609,False
Execução de Título Extrajudicial,19ª Vara Federal do Rio de Janeiro,2022,178,718.155029296875,750.6971740722657,0.9566507695788155,0.4932215815968035,False
Procedimento do Juizado Especial Cível,4ª Vara Federal de Duque de Caxias,2022,1092,370.5811462402345,387.5628356933592,0.9561833904359172,0.24065593899894844,False
Cumprimento de Sentença contra a Fazenda Pública,8º Juizado Especial Federal do Rio de Janeiro,2022,95,565.4534301757815,594.786865234375,0.9506824431184526,0.39539095902196497,False
Execução de Título Extrajudicial,30ª Vara Federal do Rio de Janeiro,2022,118,710.1670532226561,750.6971740722657,0.9460100260804926,0.4885879611823186,False
Execução Fiscal,3ª Vara de Execução Fiscal do Rio de Janeiro,2022,1334,1154.7384033203127,1220.9298095703123,0.9457860675272606,0.6830772641881085,False
Mandado de Segurança Cível,2ª Vara Federal de Vitória,2022,1080,266.2220153808593,281.6928100585938,0.9450791993075135,0.1473819398306,False
Procedimento do Juizado Especial Cível,35ª Vara Federal do Rio de Janeiro,2022,2107,364.1468505859375,387.5628356933592,0.9395814486042503,0.23502835032994396,False
Apelação Cível,GABINETE 07,2022,260,376.064422607422,402.045135498047,0.9353786164868267,0.24543113450511278,False
Agravo de Instrumento,GABINETE 07,2022,421,298.78155517578114,319.42312622070324,0.9353785955038836,0.17673403673232402,False
Remessa Necessária Cível,GABINETE 07,2022,92,207.6631927490234,222.00978088378906,0.9353785762156336,0.09581893723427881,False
Cumprimento de Sentença contra a Fazenda Pública,5ª Vara Federal de Duque de Caxias,2022,1258,555.941162109375,594.786865234375,0.9346897092125717,0.38862021638106803,False
Mandado de Segurança Cível,4ª Vara Federal de Duque de Caxias,2022,295,263.2349853515624,281.6928100585938,0.9344753431825538,0.1446978898740947,False
Execução de Título Extrajudicial,2ª Vara Federal do Rio de Janeiro,2022,186,698.9639282226565,750.6971740722657,0.9310863985687134,0.48200354098932485,False
Execução de Título Extrajudicial,3ª Vara Federal do Rio de Janeiro,2022,165,698.9639282226565,750.6971740722657,0.9310863985687134,0.48200354098932485,False
Execução de Título Extrajudicial,4ª Vara Federal do Rio de Janeiro,2022,158,698.9639282226565,750.6971740722657,0.9310863985687134,0.48200354098932485,False
Execução de Título Extrajudicial,26ª Vara Federal do Rio de Janeiro,2022,180,698.9639282226565,750.6971740722657,0.9310863985687134,0.48200354098932485,False
Execução de Título Extrajudicial,2ª Vara Federal de Duque de Caxias,2022,106,698.9639282226565,750.6971740722657,0.9310863985687134,0.48200354098932485,False
Execução de Título Extrajudicial,29ª Vara Federal do Rio de Janeiro,2022,135,698.9639282226565,750.6971740722657,0.9310863985687134,0.48200354098932485,False
Execução de Título Extrajudicial,20ª Vara Federal do Rio de Janeiro,2022,177,698.9639282226565,750.6971740722657,0.9310863985687134,0.48200354098932485,False
Execução de Título Extrajudicial,7ª Vara Federal do Rio de Janeiro,2022,188,698.9639282226565,750.6971740722657,0.9310863985687134,0.48200354098932485,False
Execução de Título Extrajudicial,6ª Vara Federal do Rio de Janeiro,2022,162,698.9639282226565,750.6971740722657,0.9310863985687134,0.48200354098932485,False
Execução de Título Extrajudicial,17ª Vara Federal do Rio de Janeiro,2022,183,698.9639282226565,750.6971740722657,0.9310863985687134,0.48200354098932485,False
Procedimento Comum Cível,5ª Vara Federal de São João de Meriti,2022,94,671.428466796875,725.2833862304688,0.9257463765804769,0.46538666919199556,False
Cumprimento de Sentença contra a Fazenda Pública,4 º Núcleo de Justiça 4.0 - SJRJ - Previdenciário,2022,153,549.566223144531,594.786865234375,0.9239716867788853,0.38403655184259333,False
Execução de Título Extrajudicial,21ª Vara Federal do Rio de Janeiro,2022,179,693.4934692382815,750.6971740722657,0.9237992271588363,0.4787516366498138,False
Mandado de Segurança Cível,4ª Vara Federal de Nova Iguaçu,2022,194,259.21310424804693,281.6928100585938,0.920197800554899,0.14108886078397365,False
Agravo de Instrumento,GABINETE 22,2022,424,293.5341491699219,319.42312622070324,0.9189508369131246,0.17200100527624884,False
Apelação / Remessa Necessária,GABINETE 22,2022,90,371.58193969726574,404.3545837402344,0.918950729481473,0.24152893622793337,False
Cumprimento de Sentença contra a Fazenda Pública,6ª Vara Federal do Rio de Janeiro,2022,108,544.3575439453125,594.786865234375,0.9152144671702007,0.3802639566388485,False
Cumprimento de Sentença contra a Fazenda Pública,9º Juizado Especial Federal do Rio de Janeiro,2022,278,541.5949707031251,594.786865234375,0.910569823174744,0.37825300871786993,False
Execução de Título Extrajudicial,Vara Federal de Macaé,2022,103,682.141784667969,750.6971740722657,0.9086777041767613,0.4719258717251861,False
Procedimento do Juizado Especial Cível,6º Juizado Especial Federal do Rio de Janeiro,2022,1878,352.1071166992188,387.5628356933592,0.9085162050414115,0.2244323864505844,False
Cumprimento de Sentença contra a Fazenda Pública,3ª Vara Federal de Duque de Caxias,2022,1118,537.5319824218752,594.786865234375,0.9037388245116366,0.37528279834858225,False
Cumprimento de sentença,35ª Vara Federal do Rio de Janeiro,2022,478,545.2153320312502,604.0681152343751,0.9025726044482743,0.380886945839253,False
Outras classes,GABINETE PRESIDÊNCIA - TRU,2022,195,228.46926879882818,253.20555114746102,0.902307503778908,0.11379852869344675,False
Cumprimento de Sentença contra a Fazenda Pública,2ª Vara Federal de Nova Friburgo,2022,1213,531.1730346679685,594.786865234375,0.8930476876934067,0.3706038845347004,False
Procedimento do Juizado Especial Cível,2ª Vara Federal de Nova Friburgo,2022,1473,346.11209106445324,387.5628356933592,0.8930476794691896,0.2191267183968959,False
Cumprimento de Sentença contra a Fazenda Pública,6ª Vara Federal de Vitória,2022,277,529.6022338867186,594.786865234375,0.8904067403674585,0.36944239950065205,False
Recurso Inominado Cível,6ª Turma Recursal - Juiz Relator 1 - RJ,2022,898,148.86003112792966,167.25995635986328,0.8899920481125453,0.04931456315302174,False
Apelação Cível,GABINETE 22,2022,683,355.11993408203136,402.045135498047,0.8832837478362089,0.22709158064692314,False
Procedimento Comum Cível,4ª Vara Federal do Rio de Janeiro,2022,221,638.3931884765626,725.2833862304688,0.8801982791781534,0.4446158743325901,False
Procedimento Comum Cível,6ª Vara Federal de São João de Meriti,2022,118,637.2811889648439,725.2833862304688,0.8786650860389886,0.4439005247628476,False
Procedimento do Juizado Especial Cível,5ª Vara Federal de Volta Redonda,2022,1183,340.40930175781244,387.5628356933592,0.8783331898911619,0.21406301999272093,False
Mandado de Segurança Cível,5ª Vara Federal de Volta Redonda,2022,185,246.69799804687491,281.6928100585938,0.8757695945294459,0.12990512915181596,False
Cumprimento de Sentença contra a Fazenda Pública,5ª Vara Federal de Volta Redonda,2022,1499,520.8962402343749,594.786865234375,0.87576957508824,0.36296412322970817,False
Procedimento do Juizado Especial Cível,4 º Núcleo de Justiça 4.0 - SJRJ - Previdenciário,2022,167,338.3768005371094,387.5628356933592,0.8730888758509189,0.2122545969255405,False
Procedimento do Juizado Especial Cível,2ª Vara Federal de Petrópolis,2022,826,336.1170959472655,387.5628356933592,0.8672583255975614,0.2102418465847824,False
Mandado de Segurança Cível,2ª Vara Federal de Petrópolis,2022,252,243.91654968261716,281.6928100585938,0.8658955463999278,0.12743146510888648,False
Procedimento do Juizado Especial Cível,2ª Vara Federal de Itaboraí,2022,894,335.5537109374999,387.5628356933592,0.865804664518945,0.2097396843349617,False
Procedimento Comum Cível,3ª Vara Federal de Duque de Caxias,2022,83,625.7631835937501,725.2833862304688,0.8627843894867672,0.4364280804363938,False
Embargos à Execução Fiscal,1ª Vara de Execução Fiscal de São Gonçalo,2022,135,441.72131347656244,515.4687500000001,0.8569313144134584,0.3009063830651725,False
Cumprimento de sentença,2ª Vara Federal de Petrópolis,2022,972,517.5933227539065,604.0681152343751,0.8568459577660097,0.3604882524850971,False
Mandado de Segurança Cível,2ª Vara Federal de Itaboraí,2022,128,239.6603698730468,281.6928100585938,0.8507862512472221,0.12365635993211732,False
Cumprimento de Sentença contra a Fazenda Pública,2ª Vara Federal de Itaboraí,2022,981,506.03646850585955,594.786865234375,0.8507862195417791,0.35174688729869996,False
Agravo de Instrumento,GABINETE 02,2022,184,269.61547851562494,319.42312622070324,0.8440700011474309,0.15043440384552165,False
Outras classes,GABINETE 02,2022,122,213.72320556640625,253.20555114746102,0.8440699842395589,0.10100031535348764,False
Apelação Cível,GABINETE 02,2022,869,339.3542175292969,402.045135498047,0.8440699502778721,0.2131244909368335,False
Mandado de Segurança Cível,3ª Vara Federal de Nova Iguaçu,2022,158,237.3700256347656,281.6928100585938,0.8426556062449417,0.12163038541177484,False
Apelação / Remessa Necessária,GABINETE 02,2022,183,339.5542907714845,404.3545837402344,0.8397438892138813,0.21330250125781358,False
Cumprimento de Sentença contra a Fazenda Pública,3ª Vara Federal de Campos,2022,1302,499.0656127929687,594.786865234375,0.8390662974649121,0.34641548142187106,False
Procedimento do Juizado Especial Cível,3ª Vara Federal de Campos,2022,1404,325.1908874511718,387.5628356933592,0.8390662300460195,0.20048004492278304,False
Procedimento Comum Cível,2ª Vara Federal de Itaboraí,2022,118,606.6177978515623,725.2833862304688,0.8363872789150049,0.4237510602991005,False
Agravo de Instrumento,GABINETE 15,2022,506,266.82110595703136,319.42312622070324,0.8353218162816212,0.14792059633795296,False
Procedimento do Juizado Especial Cível,7º Juizado Especial Federal do Rio de Janeiro,2022,2091,322.81289672851574,387.5628356933592,0.8329304747473935,0.1983495724437574,False
Cumprimento de Sentença contra a Fazenda Pública,34ª Vara Federal do Rio de Janeiro,2022,477,495.1407775878908,594.786865234375,0.8324675720483189,0.3433943021305035,False
Procedimento Comum Cível,5ª Vara Federal de Nova Iguaçu,2022,90,602.8302612304688,725.2833862304688,0.8311651316922778,0.42120489556561325,False
Cumprimento de Sentença contra a Fazenda Pública,7º Juizado Especial Federal do Rio de Janeiro,2022,1950,491.97628784179676,594.786865234375,0.8271471960765882,0.3409482464205297,False
Execução de Título Extrajudicial,16ª Vara Federal do Rio de Janeiro,2022,150,620.3308715820311,750.6971740722657,0.826339691965212,0.4328637700731809,False
Procedimento do Juizado Especial Cível,4ª Vara Federal de Volta Redonda,2022,1141,320.17675781250006,387.5628356933592,0.826128638572107,0.19598563028137894,False
Cumprimento de sentença,2ª Vara Federal de Itaboraí,2022,152,499.0099182128907,604.0681152343751,0.8260822010433005,0.3463727076979103,False
Procedimento do Juizado Especial Cível,3ª Vara Federal de Duque de Caxias,2022,1338,319.39892578124994,387.5628356933592,0.8241216555499642,0.19528769474474927,False
Cumprimento de Sentença contra a Fazenda Pública,4ª Vara Federal de Volta Redonda,2022,496,487.02426147460926,594.786865234375,0.8188214803343009,0.3371023196869929,False
Procedimento do Juizado Especial Cível,4ª Vara Federal de Nova Iguaçu,2022,1563,316.9199829101562,387.5628356933592,0.8177254208164174,0.19306217327707298,False
Procedimento do Juizado Especial Cível,1ª Vara Federal do Rio de Janeiro,2022,1787,316.4867248535156,387.5628356933592,0.8166075167845062,0.1926730248794435,False
Outras classes,8ª Vara Federal Criminal do Rio de Janeiro,2022,216,206.39268493652338,253.20555114746102,0.8151191156797549,0.09473924626549024,False
Remessa Necessária Cível,GABINETE 02,2022,389,180.89961242675778,222.00978088378906,0.8148272193532303,0.07366028740084463,False
Mandado de Segurança Cível,1ª Vara Federal de Itaboraí,2022,93,228.94660949707037,281.6928100585938,0.8127527623067415,0.11421672426977314,False
Mandado de Segurança Cível,4ª Vara Federal de Volta Redonda,2022,234,228.38703918457026,281.6928100585938,0.8107663065204411,0.11372651004881007,False
Procedimento do Juizado Especial Cível,34ª Vara Federal do Rio de Janeiro,2022,1925,313.0081176757813,387.5628356933592,0.8076319214555293,0.18954673368678865,False
Cumprimento de sentença,3ª Vara Federal de Duque de Caxias,2022,103,487.75006103515614,604.0681152343751,0.8074421555024665,0.3376673860501065,False
Procedimento do Juizado Especial Cível,5ª Vara Federal de Duque de Caxias,2022,1212,312.45175170898443,387.5628356933592,0.8061963710994134,0.18904642846495756,False
Recurso Inominado Cível,2ª Turma Recursal - Juiz Relator 1 - RJ,2022,1403,134.82182312011716,167.25995635986328,0.8060615705892281,0.039679308279861436,False
Recurso Inominado Cível,4ª Turma Recursal - Juiz Relator 1 - RJ,2022,1430,134.59025573730466,167.25995635986328,0.8046770946641342,0.03952668384097335,False
Execução de Título Extrajudicial,27ª Vara Federal do Rio de Janeiro,2022,198,604.0390624999998,750.6971740722657,0.8046374535064549,0.42201889098564194,False
Cumprimento de Sentença contra a Fazenda Pública,3 º Núcleo de Justiça 4.0 - SJRJ - Previdenciário,2022,131,477.5802307128904,594.786865234375,0.8029434720699499,0.32970656506520024,False
Cumprimento de sentença,34ª Vara Federal do Rio de Janeiro,2022,406,484.73153686523415,604.0681152343751,0.802445162458477,0.33531421801535943,False
Procedimento do Juizado Especial Cível,4ª Vara Federal de Campos,2022,1380,310.85556030273426,387.5628356933592,0.8020778353182555,0.1876106607163175,False
Cumprimento de sentença,1ª Vara Federal de Itaboraí,2022,132,483.52416992187517,604.0681152343751,0.8004464359690139,0.33437068860204744,False
Cumprimento de Sentença contra a Fazenda Pública,1ª Vara Federal de Itaboraí,2022,811,476.0611877441408,594.786865234375,0.8003895438352518,0.3285095201257936,False
Mandado de Segurança Cível,4ª Vara Federal de Campos,2022,328,224.53637695312503,281.6928100585938,0.797096585129099,0.11036157762800447,False
Agravo de Instrumento,GABINETE 16,2022,531,253.68086242675784,319.42312622070324,0.7941843955640168,0.13613542829137915,False
Outras classes,6ª Turma Recursal - Juiz Relator 2 - RJ,2022,93,200.50016784667963,253.20555114746102,0.7918474414880146,0.08976408074720177,False
Cumprimento de sentença,4ª Vara Federal de Volta Redonda,2022,930,478.12390136718756,604.0681152343751,0.7915066021679991,0.3301344904386828,False
Mandado de Segurança Cível,5ª Vara Federal de Duque de Caxias,2022,100,222.9198303222656,281.6928100585938,0.7913578989676624,0.10895354021129422,False
Cumprimento de sentença,6º Juizado Especial Federal do Rio de Janeiro,2022,2121,475.3090515136717,604.0681152343751,0.7868467802331437,0.3279160548237532,False
Apelação / Remessa Necessária,GABINETE 08,2022,94,317.9679260253907,404.3545837402344,0.7863591481620492,0.1940032052310574,False
Cumprimento de Sentença contra a Fazenda Pública,1ª Vara Federal do Rio de Janeiro,2022,89,466.6303405761719,594.786865234375,0.7845337008111246,0.32103180565028977,False
Recurso Inominado Cível,8ª Turma Recursal - Juiz Relator 2 - RJ,2022,821,130.7933502197266,167.25995635986328,0.7819764698390927,0.037055419504540166,False
Cumprimento de Sentença contra a Fazenda Pública,4ª Vara Federal de Campos,2022,1254,461.70153808593744,594.786865234375,0.7762470307813616,0.31709244335424047,False
Agravo de Instrumento,GABINETE 08,2022,386,247.65208435058597,319.42312622070324,0.7753104394184422,0.13075475538376458,False
Apelação Cível,GABINETE 08,2022,298,311.70977783203114,402.045135498047,0.7753104074891743,0.18837910075850828,False
Cumprimento de sentença,7ª Vara Federal de São João de Meriti,2022,1104,465.56863403320295,604.0681152343751,0.7707220796657425,0.32018504216630117,False
Apelação Cível,GABINETE 16,2022,683,308.6146240234375,402.045135498047,0.7676118842754576,0.1855939736136054,False
Mandado de Segurança Cível,13ª Vara Federal,2022,700,216.21270751953128,281.6928100585938,0.767547838635135,0.10314309446770431,False
Procedimento do Juizado Especial Cível,3ª Vara Federal de Nova Iguaçu,2022,909,295.3819274902344,387.5628356933592,0.7621523538545408,0.173667902510642,False
Procedimento do Juizado Especial Cível,8º Juizado Especial Federal do Rio de Janeiro,2022,2270,295.33093261718756,387.5628356933592,0.7620207755184613,0.17362190260648047,False
Recurso Inominado Cível,8ª Turma Recursal - Juiz Relator 3 - RJ,2022,782,127.3608551025391,167.25995635986328,0.7614545517907441,0.03487342239047486,False
Outras classes,34ª Vara Federal do Rio de Janeiro,2022,88,191.38447570800784,253.20555114746102,0.7558462871003565,0.08218253638376949,False
Outras classes,3ª Vara Federal Criminal do Rio de Janeiro,2022,223,190.50930786132807,253.20555114746102,0.7523899337830073,0.08146266343084829,False
Outras classes,1ª Vara Federal Criminal do Rio de Janeiro,2022,138,190.05735778808602,253.20555114746102,0.7506050200194901,0.08109148988549675,False
Carta Precatória Cível,Setor de Distribuição do Rio de Janeiro,2022,316,26.6557788848877,35.554412841796875,0.749717876188686,0.0002929472902999386,False
Cumprimento de sentença,8º Juizado Especial Federal do Rio de Janeiro,2022,1680,449.30062866210926,604.0681152343751,0.7437913330151238,0.3070869888015567,False
Recurso Inominado Cível,1ª Turma Recursal - Juiz Relator 2 - RJ,2022,1420,122.50785064697264,167.25995635986328,0.7324398099410863,0.031876509829317445,False
Mandado de Segurança Cível,5ª Vara Federal de Nova Iguaçu,2022,264,204.79248046875009,281.6928100585938,0.7270064167635376,0.0933828102426093,False
Procedimento do Juizado Especial Cível,3 º Núcleo de Justiça 4.0 - SJRJ - Previdenciário,2022,169,281.10067749023426,387.5628356933592,0.7253034904323021,0.1607835908591837,False
Cumprimento de Sentença contra a Fazenda Pública,35ª Vara Federal do Rio de Janeiro,2022,402,430.53503417968756,594.786865234375,0.7238475819570019,0.29169559638183884,False
Agravo de Instrumento,GABINETE 14,2022,517,230.93698120117196,319.42312622070324,0.7229814069304663,0.11596281122628405,False
Cumprimento de sentença,1ª Vara Federal do Rio de Janeiro,2022,1041,436.1556091308594,604.0681152343751,0.7220305096911686,0.2963366987114736,False
Cumprimento de Sentença contra a Fazenda Pública,5ª Vara Federal de Nova Iguaçu,2022,985,427.63681030273443,594.786865234375,0.7189748720059995,0.28929219281096186,False
Mandado de Segurança Cível,3ª Vara Federal de Campos,2022,362,200.64898681640625,281.6928100585938,0.712297153678399,0.08988904947572163,False
Outras classes,6ª Turma Recursal - Juiz Relator 3 - RJ,2022,101,179.05075073242193,253.20555114746102,0.7071359609653539,0.07218198257295039,False
Apelação Cível,GABINETE 15,2022,786,279.38192749023426,402.045135498047,0.6949018973806025,0.1592335661365284,False
Apelação Cível,GABINETE 21,2022,780,279.19216918945324,402.045135498047,0.6944299147994777,0.15906245589479362,False
Agravo de Instrumento,GABINETE 21,2022,582,221.8169708251954,319.42312622070324,0.6944299038383729,0.10799456420573461,False
Recurso Inominado Cível,2ª Turma Recursal - Juiz Relator 2 - RJ,2022,1405,115.49845123291018,167.25995635986328,0.6905325921789245,0.027739881740125982,False
Agravo de Instrumento,GABINETE 30,2022,617,218.4810333251954,319.42312622070324,0.6839862720967718,0.1051022417486952,False
Apelação Cível,GABINETE 30,2022,882,274.99334716796875,402.045135498047,0.6839862564866291,0.15527752281214935,False
Cumprimento de sentença,15ª Vara Federal do Rio de Janeiro,2022,1293,412.86706542968733,604.0681152343751,0.6834776658746459,0.27693811035853744,False
Apelação / Remessa Necessária,GABINETE 30,2022,84,274.99334716796875,404.3545837402344,0.680079707825521,0.15527752281214935,False
Mandado de Segurança Cível,3ª Vara Federal de Duque de Caxias,2022,103,191.14498901367188,281.6928100585938,0.6785582811783963,0.08198539925363102,False
Procedimento do Juizado Especial Cível,9º Juizado Especial Federal do Rio de Janeiro,2022,2414,261.93820190429693,387.5628356933592,0.6758599581295849,0.14353356978439735,False
Cumprimento de sentença,9º Juizado Especial Federal do Rio de Janeiro,2022,1375,404.5047912597658,604.0681152343751,0.669634402244224,0.2698670203907879,False
Outras classes,6ª Vara Federal Criminal do Rio de Janeiro,2022,124,169.3663024902344,253.20555114746102,0.6688885836930147,0.06457184805037752,False
Recurso Inominado Cível,7ª Turma Recursal - Juiz Relator 2 - RJ,2022,891,111.74563598632811,167.25995635986328,0.6680955706212492,0.02562327461654379,False
Outras classes,4ª Vara Federal de São João de Meriti,2022,148,167.27200317382812,253.20555114746102,0.6606174407148475,0.06295749653355154,False
Recurso Inominado Cível,3ª Turma Recursal - Juiz Relator 1 - RJ,2022,1407,107.63154602050777,167.25995635986328,0.6434985896381334,0.023385300183660584,False
Outras classes,Núcleo Permanente de Métodos Consensuais de Solução de Conflitos,2022,774,161.72671508789062,253.20555114746102,0.6387170990327331,0.058741251795414784,False
Recurso Inominado Cível,3ª Turma Recursal - Juiz Relator 2 - RJ,2022,1432,106.17413330078125,167.25995635986328,0.6347851309511607,0.02261376017901673,False
Apelação Cível,GABINETE 14,2022,700,254.44007873535156,402.045135498047,0.6328644628920962,0.13681437824002407,False
Apelação / Remessa Necessária,GABINETE 14,2022,81,255.90162658691398,404.3545837402344,0.6328644137525355,0.13812218321628866,False
Procedimento do Juizado Especial Cível,7ª Vara Federal de São João de Meriti,2022,1427,244.3675537109376,387.5628356933592,0.6305237014631658,0.12783222345755396,False
Recurso Inominado Cível,8ª Turma Recursal - Juiz Relator 1 - RJ,2022,827,105.00569152832028,167.25995635986328,0.627799347874983,0.022003391970077835,False
Mandado de Segurança Cível,7ª Vara Federal de São João de Meriti,2022,229,176.46084594726568,281.6928100585938,0.6264300672443885,0.07012442020359444,False
Procedimento do Juizado Especial Cível,1ª Vara Federal de Itaboraí,2022,1243,240.75537109375006,387.5628356933592,0.621203451210777,0.12462636248437309,False
Agravo de Instrumento,GABINETE 18,2022,521,197.70971679687506,319.42312622070324,0.6189586807195321,0.08742770529819666,False
Recurso Inominado Cível,3ª Turma Recursal - Juiz Relator 3 - RJ,2022,1402,103.31145477294923,167.25995635986328,0.6176699852215224,0.02113147316054731,False
Cumprimento de Sentença contra a Fazenda Pública,8ª Vara Federal de São João de Meriti,2022,879,357.4685668945313,594.786865234375,0.6010027924098009,0.22916107572165367,False
Procedimento do Juizado Especial Cível,5ª Vara Federal de Nova Iguaçu,2022,1545,230.18751525878912,387.5628356933592,0.5939359867851574,0.11530489347813289,False
Outras classes,6ª Turma Recursal - Juiz Relator 1 - RJ,2022,90,149.16207885742182,253.20555114746102,0.5890948211105896,0.049529701644349666,False
Outras classes,8ª Turma Recursal - Juiz Relator 2 - RJ,2022,83,148.74827575683594,253.20555114746102,0.5874605634937616,0.04923504257421707,False
Agravo de Instrumento,GABINETE 17,2022,555,182.2859191894531,319.42312622070324,0.5706722658005166,0.07477377549078512,False
Apelação Cível,GABINETE 18,2022,892,228.43354797363276,402.045135498047,0.5681788630290303,0.11376724274119632,False
Apelação Cível,GABINETE 17,2022,853,217.36416625976557,402.045135498047,0.54064617891844,0.10413682188792861,False
Execução de Título Extrajudicial,5ª Vara Federal de Vitória,2022,99,396.7401733398438,750.6971740722657,0.5284956265223022,0.2632535815668786,False
Recurso Inominado Cível,1ª Turma Recursal - Juiz Relator 1 - RJ,2022,1387,87.24717712402342,167.25995635986328,0.5216262100195058,0.013675860898463843,False
Recurso Inominado Cível,1ª Turma Recursal - Juiz Relator 3 - RJ,2022,1413,85.03316497802736,167.25995635986328,0.5083892572294874,0.012769222767178401,False
Procedimento Comum Cível,8ª Vara Federal de São João de Meriti,2022,113,343.5906066894532,725.2833862304688,0.47373290663006107,0.21688973951356794,False
Outras classes,8ª Turma Recursal - Juiz Relator 1 - RJ,2022,83,115.25742340087888,253.20555114746102,0.4551931143632615,0.027601836326133777,False
Execução Fiscal,Vara Federal de Nova Friburgo,2022,109,550.1655883789064,1220.9298095703123,0.4506119713569192,0.3844690795264898,False
Outras classes,8ª Turma Recursal - Juiz Relator 3 - RJ,2022,110,113.20354461669926,253.20555114746102,0.4470816066381268,0.02643717047720673,False
Outras classes,7ª Turma Recursal - Juiz Relator 2 - RJ,2022,96,97.63102722167972,253.20555114746102,0.3855801216807513,0.018324093605457392,False
Procedimento do Juizado Especial Cível,8ª Vara Federal de São João de Meriti,2022,1392,133.27734375,387.5628356933592,0.34388576890135414,0.03866545796367549,False
Mandado de Segurança Cível,8ª Vara Federal de São João de Meriti,2022,200,95.31435394287112,281.6928100585938,0.3383627502705701,0.01723178814277626,False
Outras classes,2ª Vara Federal Criminal do Rio de Janeiro,2022,120,83.11016082763673,253.20555114746102,0.3282319856377687,0.012006588874436397,False
Carta Precatória Cível,Setor de Distribuição do Rio de Janeiro (Rio Branco),2022,1764,9.241411209106445,35.554412841796875,0.2599230438771998,2.83488500085749e-06,False
Outras classes,1ª Vara Federal Criminal de Vitória,2022,320,51.72623062133789,253.20555114746102,0.2042855316043752,0.0029846675107315646,False
Outras classes,"Seção de Distr., Atend. e Apoio Adm.",2022,241,45.69853973388671,253.20555114746102,0.18048000735684086,0.0020000629627655586,False
Outras classes,Setor de Distribuição do Rio de Janeiro,2022,531,31.522008895874023,253.20555114746102,0.12449177655475784,0.0005494572831405975,False
