classe_processual,ano_ajuizamento,n_orgaos,p10,p25,p75,p90,mediana
Agravo de Instrumento,2015,29,979.7967163085934,1066.4735107421873,1228.1790771484377,1231.22177734375,1228.1790771484377
Agravo de Instrumento,2016,32,754.734100341797,938.3489074707029,1035.365356445313,1085.0274414062503,1035.365356445313
Agravo de Instrumento,2017,33,561.5878906249999,726.3740844726562,790.4385375976561,798.2714965820313,790.4385375976561
Agravo de Instrumento,2018,34,333.9054077148437,390.64507293701166,449.67123413085943,479.7681213378906,449.67123413085943
Agravo de Instrumento,2019,34,289.84266357421876,321.3350601196289,349.1771545410155,386.1442718505858,349.1771545410155
Agravo de Instrumento,2020,36,247.13439178466797,292.22973632812506,320.074951171875,363.892349243164,320.074951171875
Agravo de Instrumento,2021,33,267.8162353515624,350.5106811523438,389.1483459472655,423.52849731445303,389.1483459472655
Agravo de Instrumento,2022,33,223.64097290039072,269.61547851562494,319.42312622070324,341.62341918945305,319.42312622070324
Agravo de Instrumento,2023,35,216.66796874999991,286.33848571777344,310.2614440917968,328.1591796875,310.2614440917968
Agravo de Instrumento,2024,38,192.82808685302732,222.79536819458008,255.52571105957028,264.5718261718751,255.52571105957028
Agravo de Instrumento,2025,36,168.495231628418,205.9365234375,248.02221679687491,251.44879150390625,248.02221679687491
Apelação / Remessa Necessária,2015,32,1256.134460449219,1452.3533325195312,1554.7396240234377,1802.6654418945313,1554.7396240234377
Apelação / Remessa Necessária,2016,31,986.2961425781255,1207.8689575195312,1269.6999511718748,1300.9857177734375,1269.6999511718748
Apelação / Remessa Necessária,2017,31,738.4516601562498,904.3458251953125,950.6394042968747,974.0634155273434,950.6394042968747
Apelação / Remessa Necessária,2018,33,459.33721923828136,563.9441528320311,586.6278076171875,651.3138916015623,586.6278076171875
Apelação / Remessa Necessária,2019,36,380.7739715576173,441.41515350341797,448.24223327636713,542.4298095703124,442.01986694335955
Apelação / Remessa Necessária,2020,33,305.7934143066405,377.3833007812499,405.17968749999994,466.98482666015616,405.17968749999994
Apelação / Remessa Necessária,2021,36,337.0363311767577,446.4760055541994,496.24008178710955,554.192413330078,496.24008178710955
Apelação / Remessa Necessária,2022,33,276.153857421875,339.5542907714845,404.3545837402344,433.34955444335935,404.3545837402344
Apelação / Remessa Necessária,2023,37,287.10461425781244,354.5580139160155,398.56314086914074,417.76334228515634,398.56314086914074
Apelação / Remessa Necessária,2024,38,225.42597045898447,260.99904632568354,317.65133666992193,331.3490264892579,317.65133666992193
Apelação / Remessa Necessária,2025,37,234.27295837402343,282.3599853515626,355.6908874511717,362.1016174316406,355.6908874511717
Apelação Cível,2015,32,1278.3857910156248,1464.1944580078127,1545.8599853515632,1780.7424072265626,1545.8599853515632
Apelação Cível,2016,34,795.5213928222657,1051.468048095703,1157.5245361328125,1256.2631835937498,1157.5245361328125
Apelação Cível,2017,36,639.4100036621094,844.7925720214846,927.4284057617184,1011.7610473632812,927.4284057617184
Apelação Cível,2018,35,396.31035766601576,506.2637481689453,575.7374877929688,665.7951171875002,575.7374877929688
Apelação Cível,2019,37,346.53356933593744,404.380615234375,439.49533081054676,537.1103027343751,439.49533081054676
Apelação Cível,2020,38,314.3199188232421,356.92198181152344,402.8655395507813,480.34657592773453,402.8655395507813
Apelação Cível,2021,38,328.1893371582032,455.6482162475585,493.4058532714843,575.8184814453126,493.4058532714843
Apelação Cível,2022,38,277.9325225830079,356.1951522827149,402.045135498047,459.95910339355487,402.045135498047
Apelação Cível,2023,38,274.3319885253906,351.4147720336915,396.28677368164057,413.8845458984377,396.28677368164057
Apelação Cível,2024,38,224.47521362304695,259.3361587524415,315.8370971679688,329.8623687744141,315.8370971679688
Apelação Cível,2025,38,232.71201934814445,264.6899185180665,343.4022521972655,351.62812805175787,343.4022521972655
Carta Precatória Cível,2015,28,148.1353759765625,148.1353759765625,172.75458908081055,189.17699584960937,149.43807220458984
Carta Precatória Cível,2016,32,130.82815551757818,130.82815551757818,150.0572509765625,170.8516021728516,130.82815551757818
Carta Precatória Cível,2017,62,207.27795410156259,207.27795410156259,239.7633323669434,267.0735168457032,207.27795410156259
Carta Precatória Cível,2018,135,129.77503051757807,196.5954971313477,217.24977111816412,248.70349731445316,198.1990509033204
Carta Precatória Cível,2019,158,47.95128440856934,67.86081886291504,83.49568557739255,97.58632507324218,77.69780731201175
Carta Precatória Cível,2020,148,76.98341674804686,100.90420913696292,116.89505577087405,137.63510742187503,106.18350219726562
Carta Precatória Cível,2021,142,36.95571174621581,71.3210391998291,87.94743728637692,98.54276351928712,77.28134918212888
Carta Precatória Cível,2022,143,39.807854461669926,60.9832706451416,81.29989624023438,94.33890228271483,74.0693435668945
Carta Precatória Cível,2023,154,35.423293685913094,55.21816635131836,67.58726119995117,81.08108215332032,63.69980239868163
Carta Precatória Cível,2024,162,34.19114036560059,48.346116065979004,59.103289604187005,68.08849716186523,53.85963439941406
Carta Precatória Cível,2025,148,33.02996826171875,49.25181484222412,59.16077041625978,69.56206130981447,53.91827392578124
Cumprimento de Sentença contra a Fazenda Pública,2015,120,1985.2666992187503,2227.333740234376,2483.7229614257817,2843.440600585939,2227.333740234376
Cumprimento de Sentença contra a Fazenda Pública,2016,123,1744.2803710937499,1954.6928100585933,2214.599365234375,2505.5885742187506,1983.883544921876
Cumprimento de Sentença contra a Fazenda Pública,2017,126,1272.7599487304692,1432.7291259765627,1628.246917724609,1843.5114135742183,1432.7291259765627
Cumprimento de Sentença contra a Fazenda Pública,2018,127,1008.6584106445315,1152.8369750976562,1283.4494018554692,1484.30498046875,1159.2540283203123
Cumprimento de Sentença contra a Fazenda Pública,2019,129,662.6445556640628,758.2436523437502,841.9006347656249,995.4131958007814,758.2436523437502
Cumprimento de Sentença contra a Fazenda Pública,2020,128,479.57091369628915,596.0005493164064,679.9209899902344,790.7772399902341,596.0005493164064
Cumprimento de Sentença contra a Fazenda Pública,2021,131,517.8510742187501,647.6987915039065,757.776550292969,859.3923339843752,660.3605346679686
Cumprimento de Sentença contra a Fazenda Pública,2022,137,497.49567871093757,594.786865234375,670.1142578125002,782.9985961914061,594.786865234375
Cumprimento de Sentença contra a Fazenda Pública,2023,143,499.35444946289056,586.2679443359373,638.2605285644534,745.9804077148435,586.2679443359373
Cumprimento de Sentença contra a Fazenda Pública,2024,134,461.3720123291015,526.5147094726562,591.3735198974609,688.891345214844,526.5147094726562
Cumprimento de Sentença contra a Fazenda Pública,2025,134,476.4691680908204,558.3753051757814,612.5807495117186,706.9075866699221,558.3753051757814
Cumprimento de sentença,2015,124,1985.203576660157,2426.040771484375,2700.7481689453125,3117.155029296877,2426.040771484375
Cumprimento de sentença,2016,121,1716.997314453125,2065.1337890624995,2288.9248046875,2634.310058593751,2065.1337890624995
Cumprimento de sentença,2017,126,1391.5245361328125,1674.819213867187,1874.5977783203127,2151.381835937501,1674.819213867187
Cumprimento de sentença,2018,130,1103.704016113281,1331.1037597656245,1450.065460205078,1704.301892089844,1331.1037597656245
Cumprimento de sentença,2019,130,636.1630187988283,790.4927978515627,875.4352111816404,1062.3326416015625,790.4927978515627
Cumprimento de sentença,2020,135,464.749627685547,598.0842285156248,663.9774475097659,852.9565429687501,601.4133300781248
Cumprimento de sentença,2021,137,496.2273437500001,684.0942382812502,763.4272460937497,903.6138427734377,695.4618530273435
Cumprimento de sentença,2022,131,487.75006103515614,600.1885986328127,672.1770629882812,790.8090820312502,600.1885986328127
Cumprimento de sentença,2023,137,474.92312011718764,589.259521484375,642.4708862304685,763.1105102539062,589.259521484375
Cumprimento de sentença,2024,130,393.6122467041017,479.9590454101561,541.8454742431641,617.5377746582031,479.9590454101561
Cumprimento de sentença,2025,131,430.7537231445312,515.7819824218751,568.6404724121094,653.0705566406252,515.7819824218751
Embargos à Execução,2015,88,1468.3829711914068,1545.8599853515632,1789.0084533691402,1993.7398071289065,1559.4542236328125
Embargos à Execução,2016,88,1214.6371093749997,1262.4481201171873,1461.0188293457034,1611.8569946289058,1262.4481201171873
Embargos à Execução,2017,71,945.2098999023435,945.2098999023435,1092.4597778320312,1219.5257568359375,945.2098999023435
Embargos à Execução,2018,88,583.2773437500002,583.2773437500002,666.9217681884768,746.447821044922,583.2773437500002
Embargos à Execução,2019,87,439.49533081054676,439.49533081054676,506.085418701172,579.6869628906251,439.49533081054676
Embargos à Execução,2020,85,402.8655395507813,402.8655395507813,470.7741394042968,532.588464355469,402.8655395507813
Embargos à Execução,2021,89,493.4058532714843,493.4058532714843,576.5762939453127,638.1624023437503,493.4058532714843
Embargos à Execução,2022,87,402.045135498047,402.045135498047,464.24345397949224,515.117626953125,402.045135498047
Embargos à Execução,2023,86,396.28677368164057,396.28677368164057,451.1820755004882,512.3180236816406,396.28677368164057
Embargos à Execução,2024,93,315.8370971679688,315.8370971679688,359.06741333007824,401.04687500000006,315.8370971679688
Embargos à Execução,2025,96,353.5384368896485,353.659393310547,405.47687530517584,467.0043487548828,353.659393310547
Embargos à Execução Fiscal,2015,37,1851.3719970703125,1947.6076660156252,2060.4077148437505,2238.3799316406253,1947.6076660156252
Embargos à Execução Fiscal,2016,36,1422.8866577148438,1618.6057128906255,1650.258056640625,1864.1652832031248,1618.6057128906255
Embargos à Execução Fiscal,2017,39,1106.9435546874995,1211.8692626953127,1339.301025390625,1404.6632324218754,1211.8692626953127
Embargos à Execução Fiscal,2018,36,678.0455932617188,754.3945922851566,779.4002838134763,868.1489562988279,754.3945922851566
Embargos à Execução Fiscal,2019,30,483.3184478759767,563.4842529296873,606.0893249511719,652.1297729492187,563.4842529296873
Embargos à Execução Fiscal,2020,29,528.7453186035156,619.9503173828125,627.3370361328126,728.9253784179685,619.9503173828125
Embargos à Execução Fiscal,2021,30,543.4089233398439,632.603820800781,680.435043334961,747.8744079589845,632.603820800781
Embargos à Execução Fiscal,2022,25,454.45844726562507,515.4687500000001,515.4687500000001,583.9747070312501,515.4687500000001
Embargos à Execução Fiscal,2023,25,442.8127746582032,508.0858459472656,508.0858459472656,575.610595703125,508.0858459472656
Embargos à Execução Fiscal,2024,20,399.3910675048828,404.94000244140625,404.94000244140625,418.2150360107423,404.94000244140625
Embargos à Execução Fiscal,2025,19,440.72888183593744,453.4325561523437,453.4325561523437,499.2189147949218,453.4325561523437
Execução Fiscal,2015,39,2458.4673828124996,2716.267578125,3200.2642822265607,3417.7471191406235,3190.8657226562473
Execução Fiscal,2016,40,2171.5595214843747,2817.1908569335947,3303.7446289062486,4036.7563476562523,3303.7446289062486
Execução Fiscal,2017,40,2012.0142578125005,2638.6072387695312,3096.0696411132785,3395.2476318359363,3094.3361816406223
Execução Fiscal,2018,38,1329.461950683594,1707.7769775390632,2166.7548828125,2258.5136962890642,2166.7548828125
Execução Fiscal,2019,31,995.5169677734378,1213.7879028320315,1651.2626953124995,1833.9368896484377,1651.2626953124995
Execução Fiscal,2020,30,870.9890930175783,1138.5054321289065,1582.3363037109375,1610.5981689453124,1582.3363037109375
Execução Fiscal,2021,30,837.249981689453,1125.4128723144534,1463.9711914062498,1507.5695434570316,1463.9711914062498
Execução Fiscal,2022,25,697.3569335937501,1171.209350585938,1220.9298095703123,1281.5794921875001,1220.9298095703123
Execução Fiscal,2023,25,887.5882324218753,1278.247680664062,1400.7751464843748,1405.8955810546875,1400.7751464843748
Execução Fiscal,2024,21,1067.7384033203123,1271.2259521484377,1321.169555664062,1343.9364013671875,1321.169555664062
Execução Fiscal,2025,19,928.0705932617188,1061.0078125,1112.027099609375,1184.398754882812,1112.027099609375
Execução de Título Extrajudicial,2015,70,2572.858862304688,3024.8247070312523,3444.7567138671866,3892.778735351563,3049.066650390625
Execução de Título Extrajudicial,2016,70,2340.526025390626,2769.1091308593745,3168.057678222657,3580.4200195312487,2769.1091308593745
Execução de Título Extrajudicial,2017,70,1872.825280761719,2188.907470703124,2467.6385498046875,2836.944921875001,2188.907470703124
Execução de Título Extrajudicial,2018,71,1083.4053955078127,1252.0779418945312,1446.510620117188,1674.8510742187507,1279.8731689453127
Execução de Título Extrajudicial,2019,74,788.6212463378904,938.1668701171872,1074.8002929687502,1268.444104003907,938.1668701171872
Execução de Título Extrajudicial,2020,76,706.3662109374999,854.8895263671873,974.6462554931642,1134.3809814453125,859.9752807617185
Execução de Título Extrajudicial,2021,89,656.0741577148439,794.5139770507811,933.8041992187502,1088.4202148437496,830.6729736328124
Execução de Título Extrajudicial,2022,87,600.2909912109374,698.9639282226565,808.6444702148438,921.70283203125,698.9639282226565
Execução de Título Extrajudicial,2023,76,666.3967895507812,748.5299072265627,846.7940216064454,975.573059082031,748.5299072265627
Execução de Título Extrajudicial,2024,85,568.4801391601565,651.5526733398439,740.4017944335939,860.79033203125,651.5526733398439
Execução de Título Extrajudicial,2025,78,565.4270996093752,622.1796875,707.6819152832032,826.6933044433591,622.1796875
Mandado de Segurança Cível,2015,73,1174.700805664063,1195.9921874999995,1366.5402832031248,1478.6818115234378,1195.9921874999995
Mandado de Segurança Cível,2016,85,795.7444335937503,936.6323852539064,1021.5819702148435,1155.1181884765626,936.6323852539064
Mandado de Segurança Cível,2017,107,755.7347656249999,919.4259643554685,1003.7496643066405,1100.9484375000002,919.4259643554685
Mandado de Segurança Cível,2018,135,348.22122802734367,469.8764953613283,530.3044128417969,611.8219238281248,504.7601928710939
Mandado de Segurança Cível,2019,169,198.22480163574224,265.2012939453125,314.9370422363281,370.25046386718753,307.93228149414074
Mandado de Segurança Cível,2020,179,165.77412109374995,256.3711318969726,309.8681182861327,359.6585144042972,301.8762512207031
Mandado de Segurança Cível,2021,182,160.9201736450196,264.83602905273443,322.04125976562506,379.0707916259767,322.04125976562506
Mandado de Segurança Cível,2022,181,153.38912963867193,239.6603698730468,281.6928100585938,331.9336242675782,281.6928100585938
Mandado de Segurança Cível,2023,173,135.94819030761715,242.01007080078134,279.6111755371094,327.76032104492174,279.6111755371094
Mandado de Segurança Cível,2024,190,147.79852905273444,202.7943420410156,240.05934524536127,284.2527038574219,238.82575988769528
Mandado de Segurança Cível,2025,195,166.4138610839844,214.17334747314456,252.03349304199216,298.7397521972656,252.03349304199216
Outras classes,2015,153,1145.4089355468755,1339.738403320313,1549.261108398437,1830.614672851563,1339.738403320313
Outras classes,2016,157,1013.186181640625,1169.7430419921877,1339.166137695313,1619.527001953125,1169.7430419921877
Outras classes,2017,186,713.2665100097659,916.9942626953124,1013.4990692138674,1258.1932983398438,916.9942626953124
Outras classes,2018,229,266.69850463867186,528.1669921875,608.4541625976561,765.0727783203126,570.3395996093751
Outras classes,2019,238,124.13463516235355,246.8287277221679,306.28051757812506,412.26357421875,296.83975219726557
Outras classes,2020,258,123.12518615722654,223.84251785278317,272.0998840332032,371.73191223144534,272.0998840332032
Outras classes,2021,269,122.79368591308592,243.45617675781241,307.2074584960938,397.3772766113282,307.2074584960938
Outras classes,2022,276,101.23125076293947,208.57765960693354,253.20555114746102,324.92820739746094,253.20555114746102
Outras classes,2023,271,94.91111755371097,191.06040954589844,232.7595672607422,299.6803283691406,232.7595672607422
Outras classes,2024,273,91.04544677734371,180.78656005859372,217.65270996093753,274.76860351562505,217.65270996093753
Outras classes,2025,275,94.49294586181638,187.94602966308594,220.76115417480472,279.5625061035156,220.76115417480472
Procedimento Comum Cível,2015,112,1829.3678588867183,2058.2355957031255,2162.854614257812,2379.91337890625,2058.2355957031255
Procedimento Comum Cível,2016,108,1729.5333374023442,1922.202270507812,2019.9069824218748,2261.7892578124997,1922.202270507812
Procedimento Comum Cível,2017,118,1453.2199951171874,1582.3716125488281,1673.2273559570317,1851.6237426757812,1593.486450195313
Procedimento Comum Cível,2018,116,936.17529296875,1041.632873535156,1102.6532592773442,1224.0394287109377,1042.4519042968745
Procedimento Comum Cível,2019,121,676.0553588867188,804.4373779296872,856.2505493164064,988.7589111328126,806.6802368164062
Procedimento Comum Cível,2020,121,632.7619018554686,754.1262817382814,788.9187622070311,946.1726684570314,754.1262817382814
Procedimento Comum Cível,2021,122,707.4850585937501,830.696716308594,873.6551818847659,1016.5996398925784,830.696716308594
Procedimento Comum Cível,2022,132,604.2559570312501,710.8213500976564,751.4980621337893,864.9210998535153,713.0084838867189
Procedimento Comum Cível,2023,134,598.435302734375,692.6934661865232,733.5890502929685,841.5195129394534,699.752624511719
Procedimento Comum Cível,2024,140,528.0078002929687,611.4600219726562,644.4265441894532,762.7041259765625,614.1193847656249
Procedimento Comum Cível,2025,153,460.85229492187506,536.2074584960938,556.5438232421874,656.9789062499999,536.2074584960938
Procedimento do Juizado Especial Cível,2015,93,1092.5938964843745,1283.3222656249995,1472.7091064453125,1633.6208984374996,1334.0507812500005
Procedimento do Juizado Especial Cível,2016,88,828.44091796875,970.0771942138672,1123.3312377929683,1292.0741821289057,1018.9534301757808
Procedimento do Juizado Especial Cível,2017,94,598.978204345703,677.0810699462888,799.6535491943356,886.3035339355471,730.7781982421876
Procedimento do Juizado Especial Cível,2018,95,340.33513183593755,418.0964202880858,490.2083129882813,547.5186157226564,449.0892333984374
Procedimento do Juizado Especial Cível,2019,98,285.0047332763672,368.8186645507812,451.785255432129,542.5211669921874,419.32418823242193
Procedimento do Juizado Especial Cível,2020,98,235.89847412109373,316.16272735595703,408.1685485839845,507.0143859863282,375.7975158691408
Procedimento do Juizado Especial Cível,2021,127,258.62384643554685,441.6994018554688,589.7458190917971,680.4941284179688,551.045654296875
Procedimento do Juizado Especial Cível,2022,120,309.30819702148426,361.1369171142578,427.89149475097656,486.991558837891,387.5628356933592
Procedimento do Juizado Especial Cível,2023,139,238.05093688964837,340.80531311035156,408.66645812988276,478.28634643554676,384.7905578613282
Procedimento do Juizado Especial Cível,2024,169,241.15431213378903,298.8711853027343,320.51541137695307,378.3159423828126,304.46014404296864
Procedimento do Juizado Especial Cível,2025,190,262.59455261230465,333.4127426147461,347.7231674194335,419.76796264648436,340.9200134277345
Recurso Inominado Cível,2015,36,536.6299743652343,633.4521942138674,981.0908660888671,1266.183410644531,887.7499389648436
Recurso Inominado Cível,2016,37,457.60333251953125,579.6908569335936,887.96923828125,1323.864868164062,731.8690185546877
Recurso Inominado Cível,2017,37,379.22553100585935,459.20010375976557,647.3657226562499,852.7794433593749,580.2353515625
Recurso Inominado Cível,2018,54,318.9722656249999,374.4832992553711,488.18271636962885,634.0938659667971,440.7701110839844
Recurso Inominado Cível,2019,50,206.1055206298829,242.9266014099121,297.1298217773438,389.1365966796875,252.81828308105474
Recurso Inominado Cível,2020,52,110.91104278564453,141.08982467651364,186.61346817016607,274.01070556640616,174.92573547363287
Recurso Inominado Cível,2021,48,131.39576950073243,186.13268280029303,240.58812713623047,306.6883880615237,203.86882019042977
Recurso Inominado Cível,2022,43,106.46561584472656,132.69180297851562,197.62685394287104,315.1936096191409,175.247573852539
Recurso Inominado Cível,2023,40,99.2256622314453,118.55244827270505,165.72069931030276,234.0445327758789,165.1952514648437
Recurso Inominado Cível,2024,46,80.27851104736328,102.00905609130857,155.8372840881348,213.61000823974615,136.60679626464838
Recurso Inominado Cível,2025,44,86.44500045776367,108.8913326263428,146.95713806152347,180.63285827636716,140.52013397216797
Remessa Necessária Cível,2015,22,655.6253234863279,796.613464355469,896.2797241210939,951.4470947265626,896.2797241210939
Remessa Necessária Cível,2016,27,602.3064697265626,757.8779296875003,770.687286376953,805.324755859375,764.1228637695316
Remessa Necessária Cível,2017,28,416.51734313964835,519.5225982666016,567.7596435546877,589.8611633300783,567.7596435546877
Remessa Necessária Cível,2018,30,304.4074249267579,354.8470993041992,398.74011230468733,420.4137664794923,398.74011230468733
Remessa Necessária Cível,2019,32,224.58500823974606,293.4330139160155,322.40101623535156,364.01551208496096,316.08297729492176
Remessa Necessária Cível,2020,34,187.57325592041008,229.86115264892572,262.1243591308595,278.55940856933586,262.1243591308595
Remessa Necessária Cível,2021,33,180.19790039062497,250.38369750976574,274.50219726562506,295.64497680664056,274.50219726562506
Remessa Necessária Cível,2022,34,152.54720458984372,187.32568359375,222.00978088378906,239.2567733764649,222.00978088378906
Remessa Necessária Cível,2023,37,125.0285842895508,155.71650695800776,178.85551452636722,192.4530822753906,178.85551452636722
Remessa Necessária Cível,2024,37,104.61034088134768,117.70049285888673,144.16358947753906,146.11773376464842,144.16358947753906
Remessa Necessária Cível,2025,37,128.27207031249998,158.42395019531247,189.87538146972656,192.9741271972656,189.87538146972656
