variavel,gain,gain_relativo
classe_processual_Execução Fiscal,25004.23,0.118
classe_processual_Carta Precatória Cível,5002.99,0.0236
orgao_julgador_Gabinete da Vice-Presidência,4686.05,0.0221
orgao_julgador_Gabinete do Juízo Gestor das Turmas Recursais,4550.02,0.0215
ano_ajuizamento_2015,4180.84,0.0197
ano_ajuizamento_2016,3876.53,0.0183
orgao_julgador_8ª Vara Federal de São João de Meriti,3682.0,0.0174
ano_ajuizamento_2017,3571.89,0.0169
classe_processual_Recurso Inominado Cível,3309.63,0.0156
orgao_julgador_Setor de Distribuição do Rio de Janeiro (Rio Branco),3163.19,0.0149
orgao_julgador_4ª Turma Recursal - Juiz Relator 2 - RJ,2959.37,0.014
classe_processual_Execução de Título Extrajudicial,2804.33,0.0132
orgao_julgador_Setor de Distribuição do Rio de Janeiro,2731.76,0.0129
orgao_julgador_Subsecretaria de Distribuição de Atividades Judiciárias,2646.15,0.0125
orgao_julgador_1ª Vara federal de cachoeiro de itapemirim,2562.26,0.0121
orgao_julgador_11ª Vara de Execução Fiscal do Rio de Janeiro,2323.75,0.011
orgao_julgador_Vara Federal de Resende,2099.32,0.0099
orgao_julgador_Núcleo Permanente de Métodos Consensuais de Solução de Conflitos,2018.58,0.0095
orgao_julgador_Gabinete do Juízo Vice-Gestor das Turmas Recursais,2015.57,0.0095
orgao_julgador_GABINETE 17,1915.49,0.009
ano_ajuizamento_2022,1786.9,0.0084
orgao_julgador_1ª Turma Recursal - Juiz Relator 3 - RJ,1765.79,0.0083
orgao_julgador_5ª Vara Federal de Nova Iguaçu,1697.05,0.008
classe_processual_Procedimento Comum Cível,1648.55,0.0078
orgao_julgador_7ª Vara Federal de São João de Meriti,1593.09,0.0075
orgao_julgador_1ª Turma Recursal - Juiz Relator 1 - RJ,1585.25,0.0075
"orgao_julgador_Seção de Distr., Atend. e Apoio Adm.",1546.94,0.0073
classe_processual_Cumprimento de Sentença contra a Fazenda Pública,1497.02,0.0071
orgao_julgador_9º Juizado Especial Federal do Rio de Janeiro,1483.42,0.007
orgao_julgador_GABINETE 18,1447.38,0.0068
classe_processual_Cumprimento de sentença,1429.26,0.0067
orgao_julgador_3ª Turma Recursal - Juiz Relator 3 - RJ,1369.52,0.0065
classe_processual_Remessa Necessária Cível,1360.15,0.0064
orgao_julgador_2ª Turma Recursal - Juiz Relator 2 - RJ,1340.53,0.0063
orgao_julgador_1ª Vara Federal Criminal de Vitória,1334.81,0.0063
orgao_julgador_Diretoria de Volta Redonda,1308.41,0.0062
orgao_julgador_1ª Vara Federal de Volta Redonda,1281.95,0.0061
orgao_julgador_2ª Turma Recursal - Juiz Relator 1 - ES,1264.62,0.006
orgao_julgador_3ª Turma Recursal - Juiz Relator 1 - RJ,1253.18,0.0059
orgao_julgador_3ª Turma Recursal - Juiz Relator 2 - RJ,1223.85,0.0058
orgao_julgador_3ª Vara Federal de Volta Redonda,1223.49,0.0058
orgao_julgador_1ª Turma Recursal - Juiz Relator 2 - RJ,1193.98,0.0056
orgao_julgador_1ª Vara Federal de Itaboraí,1118.59,0.0053
orgao_julgador_GABINETE 21,1077.75,0.0051
orgao_julgador_9ª Vara Federal,1033.83,0.0049
orgao_julgador_8º Juizado Especial Federal do Rio de Janeiro,1032.59,0.0049
orgao_julgador_5ª Turma Recursal - Juiz Relator 3 - RJ,1023.93,0.0048
orgao_julgador_GABINETE 30,1023.61,0.0048
orgao_julgador_Setor de Distribuição Criminal de Niterói,1016.39,0.0048
orgao_julgador_7º Juizado Especial Federal do Rio de Janeiro,1006.57,0.0048
orgao_julgador_1ª Vara Federal de Campos,979.82,0.0046
ano_ajuizamento_2025,977.17,0.0046
orgao_julgador_2º Juizado Especial Federal de Vitória,974.34,0.0046
orgao_julgador_Diretoria de Itaperuna,958.38,0.0045
orgao_julgador_Vara Federal de Angra dos Reis,951.43,0.0045
orgao_julgador_8ª Turma Recursal - Juiz Relator 1 - RJ,933.84,0.0044
orgao_julgador_GABINETE 14,931.53,0.0044
orgao_julgador_Vara Federal de Magé,924.64,0.0044
orgao_julgador_7ª Turma Recursal - Juiz Relator 2 - RJ,898.02,0.0042
"orgao_julgador_Seção Contadoria, Distr. Cert. S. Mateus",879.83,0.0042
orgao_julgador_8ª Vara Federal do Rio de Janeiro,877.42,0.0041
orgao_julgador_15ª Vara Federal do Rio de Janeiro,863.65,0.0041
orgao_julgador_6ª Vara Federal de São João de Meriti,846.43,0.004
orgao_julgador_Diretoria de São João de Meriti,826.32,0.0039
orgao_julgador_4ª Vara Federal de Volta Redonda,823.64,0.0039
orgao_julgador_GABINETE 15,803.35,0.0038
orgao_julgador_4ª Vara Federal de São Gonçalo,796.97,0.0038
orgao_julgador_GABINETE 16,796.51,0.0038
orgao_julgador_Diretoria de Petrópolis,792.02,0.0037
orgao_julgador_Vara Federal de Macaé,787.99,0.0037
orgao_julgador_3ª Vara Federal de Nova Iguaçu,783.4,0.0037
orgao_julgador_4ª Vara Federal de Nova Iguaçu,781.68,0.0037
orgao_julgador_2ª Turma Recursal - Juiz Relator 1 - RJ,769.51,0.0036
orgao_julgador_6º Juizado Especial Federal do Rio de Janeiro,765.59,0.0036
classe_processual_Embargos à Execução Fiscal,760.84,0.0036
orgao_julgador_Centro de Solução de Conflitos e Cidadania,757.78,0.0036
orgao_julgador_3ª Vara Federal de Duque de Caxias,745.21,0.0035
ano_ajuizamento_2024,731.69,0.0035
orgao_julgador_1ª Vara Federal de Duque de Caxias,729.46,0.0034
orgao_julgador_1ª Vara Federal do Rio de Janeiro,720.17,0.0034
orgao_julgador_4ª Turma Recursal - Juiz Relator 1 - RJ,711.66,0.0034
orgao_julgador_6ª Vara Federal de Niterói,711.1,0.0034
orgao_julgador_8ª Turma Recursal - Juiz Relator 3 - RJ,709.93,0.0034
orgao_julgador_3ª Vara Federal de Campos,705.04,0.0033
orgao_julgador_14ª Vara Federal do Rio de Janeiro,701.46,0.0033
ano_ajuizamento_2018,699.92,0.0033
orgao_julgador_3 º Núcleo de Justiça 4.0 - SJRJ - Previdenciário,666.24,0.0031
orgao_julgador_7ª Vara Federal de Niterói,665.09,0.0031
orgao_julgador_15º Juizado Especial Federal do Rio de Janeiro,664.48,0.0031
orgao_julgador_2ª Vara Federal Criminal do Rio de Janeiro,661.08,0.0031
orgao_julgador_Setor de Distribuição Criminal de Campos,657.11,0.0031
orgao_julgador_4ª Vara Federal de Campos,656.72,0.0031
orgao_julgador_1ª Vara Federal de Niterói,652.62,0.0031
classe_processual_Outras classes,650.0,0.0031
orgao_julgador_31ª Vara Federal,644.03,0.003
orgao_julgador_Vara Federal de Linhares,629.75,0.003
orgao_julgador_Diretoria de Nova Friburgo,623.84,0.0029
orgao_julgador_4ª Vara Federal de Niterói,616.44,0.0029
orgao_julgador_4ª Turma Recursal - Juiz Relator 3 - RJ,613.86,0.0029
orgao_julgador_6ª Vara Federal do Rio de Janeiro,612.94,0.0029
orgao_julgador_Vara Federal de Teresópolis,609.25,0.0029
orgao_julgador_GABINETE 08,606.1,0.0029
classe_processual_Agravo de Instrumento,602.03,0.0028
orgao_julgador_28ª Vara Federal do Rio de Janeiro,589.41,0.0028
orgao_julgador_19ª Vara Federal do Rio de Janeiro,588.76,0.0028
orgao_julgador_32ª Vara Federal do Rio de Janeiro,588.16,0.0028
classe_processual_Procedimento do Juizado Especial Cível,585.44,0.0028
orgao_julgador_24ª Vara Federal do Rio de Janeiro,584.41,0.0028
orgao_julgador_Vara Federal de Colatina,583.83,0.0028
orgao_julgador_Coordenadoria das Turmas Recursais,581.42,0.0027
orgao_julgador_Diretoria de Três Rios,580.01,0.0027
orgao_julgador_13ª Vara Federal,572.14,0.0027
orgao_julgador_23ª Vara Federal do Rio de Janeiro,568.91,0.0027
ano_ajuizamento_2021,567.95,0.0027
"orgao_julgador_Seção Contadoria, Distr. Cert de CI",567.81,0.0027
orgao_julgador_5ª Vara Federal de Volta Redonda,563.93,0.0027
orgao_julgador_4ª Vara Federal de Vitória,557.7,0.0026
orgao_julgador_5ª Vara Federal de Duque de Caxias,549.41,0.0026
orgao_julgador_5ª Turma Recursal - Juiz Relator 1 - RJ,548.32,0.0026
orgao_julgador_2ª Vara Federal de Itaboraí,543.9,0.0026
orgao_julgador_8ª Turma Recursal - Juiz Relator 2 - RJ,543.24,0.0026
orgao_julgador_34ª Vara Federal do Rio de Janeiro,530.73,0.0025
orgao_julgador_12ª Vara Federal do Rio de Janeiro,525.98,0.0025
orgao_julgador_2ª Vara Federal de Petrópolis,523.6,0.0025
orgao_julgador_Diretoria de Resende,517.6,0.0024
orgao_julgador_Diretoria de Macaé,516.35,0.0024
orgao_julgador_6ª Turma Recursal - Juiz Relator 1 - RJ,515.03,0.0024
orgao_julgador_GABINETE 12,511.32,0.0024
orgao_julgador_11º Juizado Especial Federal,505.35,0.0024
orgao_julgador_Juizado Especial Federal de Resende,503.91,0.0024
orgao_julgador_2ª Vara Federal de Nova Friburgo,500.73,0.0024
orgao_julgador_11ª Vara Federal do Rio de Janeiro,496.5,0.0023
"orgao_julgador_Seção Contadoria, Distr. Cert. Colatina",492.21,0.0023
orgao_julgador_2ª Vara Federal de Vitória,491.32,0.0023
orgao_julgador_GABINETE 22,482.06,0.0023
orgao_julgador_35ª Vara Federal do Rio de Janeiro,481.58,0.0023
orgao_julgador_1ª Turma Recursal do Rio de Janeiro,479.6,0.0023
orgao_julgador_Diretoria de Magé,478.3,0.0023
orgao_julgador_5ª Turma Recursal - Juiz Relator 2 - RJ,474.75,0.0022
orgao_julgador_2ª Vara Federal de Nova Iguaçu,463.42,0.0022
orgao_julgador_GABINETE 34 - JFC,459.67,0.0022
orgao_julgador_3ª Vara Federal Criminal do Rio de Janeiro,458.28,0.0022
orgao_julgador_2ª Vara Federal de Campos,456.62,0.0022
orgao_julgador_21ª Vara Federal do Rio de Janeiro,455.97,0.0022
orgao_julgador_10ª Vara Federal do Rio de Janeiro,451.63,0.0021
orgao_julgador_22ª Vara Federal do Rio de Janeiro,451.28,0.0021
orgao_julgador_2ª Turma Recursal - Juiz Relator 3 - RJ,448.81,0.0021
orgao_julgador_Vara Federal de Nova Friburgo,443.4,0.0021
orgao_julgador_4ª Vara Federal de São João de Meriti,442.54,0.0021
orgao_julgador_5ª Vara Federal de Vitória,438.06,0.0021
orgao_julgador_Diretoria de Duque de Caxias,435.98,0.0021
orgao_julgador_Diretoria de São Pedro da Aldeia,432.6,0.002
ano_ajuizamento_2023,425.36,0.002
orgao_julgador_Diretoria de Niterói,424.25,0.002
orgao_julgador_6ª Vara Federal Criminal do Rio de Janeiro,423.47,0.002
orgao_julgador_Diretoria de Barra do Piraí,422.71,0.002
orgao_julgador_GABINETE 09,412.45,0.0019
orgao_julgador_6 º Núcleo de Justiça 4.0 - SJRJ - Previdenciário,404.17,0.0019
orgao_julgador_45ª Vara Federal do Rio de Janeiro,400.09,0.0019
orgao_julgador_Presidência das Turmas Recursais,397.25,0.0019
classe_processual_Mandado de Segurança Cível,392.06,0.0019
orgao_julgador_1ª Vara Federal Criminal do Rio de Janeiro,391.62,0.0018
orgao_julgador_GABINETE 26,390.97,0.0018
"orgao_julgador_Seção Contadoria, Distr. Cert. Linhares",389.81,0.0018
orgao_julgador_2º Juizado Especial Federal de São Gonçalo,389.33,0.0018
orgao_julgador_Vara Federal de São Mateus,383.98,0.0018
orgao_julgador_4º Juizado Especial de Vitória,379.11,0.0018
orgao_julgador_GABINETE 25,377.18,0.0018
orgao_julgador_1ª Turma Recursal - Juiz Relator 2 - ES,358.37,0.0017
orgao_julgador_1ª Vara Federal de Nova Iguaçu,355.24,0.0017
orgao_julgador_Diretoria de Teresópolis,352.07,0.0017
orgao_julgador_6ª Vara Federal de Vitória,351.57,0.0017
orgao_julgador_2ª Vara Federal de São Gonçalo,350.61,0.0017
orgao_julgador_Diretoria de Nova Iguaçu,347.79,0.0016
orgao_julgador_8ª Vara Federal Criminal do Rio de Janeiro,346.27,0.0016
orgao_julgador_4 º Núcleo de Justiça 4.0 - SJRJ - Previdenciário,345.39,0.0016
orgao_julgador_Central de Perícias - SJES,342.55,0.0016
orgao_julgador_2ª Turma Recursal - Juiz Relator 2 - ES,340.81,0.0016
orgao_julgador_4ª Vara Federal de Duque de Caxias,337.92,0.0016
orgao_julgador_3º Juizado Especial Federal de Vitória,336.08,0.0016
orgao_julgador_Diretoria de São Gonçalo,334.98,0.0016
orgao_julgador_5ª Vara Federal de São João de Meriti,331.54,0.0016
orgao_julgador_2ª Turma Recursal do Rio de Janeiro,328.22,0.0015
orgao_julgador_GABINETE PRESIDÊNCIA - TRU,327.99,0.0015
orgao_julgador_30ª Vara Federal do Rio de Janeiro,323.11,0.0015
orgao_julgador_GABINETE 36 - JFC,316.07,0.0015
orgao_julgador_6ª Turma Recursal - Juiz Relator 2 - RJ,313.14,0.0015
orgao_julgador_Gabinete da Presidência,310.96,0.0015
ano_ajuizamento_2020,306.11,0.0014
orgao_julgador_GABINETE 02,301.27,0.0014
orgao_julgador_Diretoria de Angra dos Reis,296.9,0.0014
orgao_julgador_2ª Vara Federal de Volta Redonda,295.45,0.0014
orgao_julgador_2ª Vara Federal de Cachoeiro do Itapemirim,284.35,0.0013
orgao_julgador_1ª Turma Recursal - Juiz Relator 3 - ES,279.05,0.0013
orgao_julgador_GABINETE 07,274.68,0.0013
orgao_julgador_3ª Vara Federal de Niterói,254.95,0.0012
orgao_julgador_7ª Turma Recursal - Juiz Relator 3 - RJ,253.98,0.0012
orgao_julgador_GABINETE 33 - JFC,250.59,0.0012
orgao_julgador_5ª Vara Federal de Niterói,239.51,0.0011
orgao_julgador_2ª Vara Federal de São Pedro da Aldeia,239.31,0.0011
orgao_julgador_8ª Vara de Execução Fiscal do Rio de Janeiro,238.08,0.0011
orgao_julgador_27ª Vara Federal do Rio de Janeiro,231.77,0.0011
orgao_julgador_16ª Vara Federal do Rio de Janeiro,221.66,0.001
orgao_julgador_1ª Vara Federal de Serra,213.02,0.001
orgao_julgador_2ª Vara Federal de Niterói,211.73,0.001
orgao_julgador_GABINETE 20,210.36,0.001
orgao_julgador_6ª Turma Recursal - Juiz Relator 3 - RJ,203.98,0.001
orgao_julgador_GABINETE 32,200.86,0.0009
orgao_julgador_2ª Vara Federal de Duque de Caxias,198.59,0.0009
orgao_julgador_25ª Vara Federal,182.33,0.0009
ano_ajuizamento_2019,181.9,0.0009
orgao_julgador_10ª Vara de Execução Fiscal do Rio de Janeiro,178.11,0.0008
orgao_julgador_1ª Vara de Execução Fiscal de São João de Meriti,177.48,0.0008
orgao_julgador_Vara Federal de Barra do Piraí,171.03,0.0008
orgao_julgador_2ª Vara de Execução Fiscal de Vitória,159.6,0.0008
orgao_julgador_4ª Vara de Execução Fiscal de Vitória,158.95,0.0008
orgao_julgador_1ª Vara Federal de Vitória,146.8,0.0007
orgao_julgador_Vara Federal de Itaperuna,142.06,0.0007
orgao_julgador_3ª Vara de Execução Fiscal do Rio de Janeiro,141.18,0.0007
orgao_julgador_1ª Vara de Execução Fiscal de São Gonçalo,133.78,0.0006
orgao_julgador_GABINETE 19,132.7,0.0006
orgao_julgador_4ª Vara Federal do Rio de Janeiro,116.46,0.0005
orgao_julgador_2ª Vara de Execução Fiscal do Rio de Janeiro,94.99,0.0004
orgao_julgador_GABINETE 05,88.51,0.0004
orgao_julgador_3ª Vara de Execução Fiscal de Vitória,80.82,0.0004
orgao_julgador_2ª Vara de Execução Fiscal de São João de Meriti,78.36,0.0004
classe_processual_Apelação Cível,77.94,0.0004
orgao_julgador_3º Juizado Especial Federal de São Gonçalo,74.56,0.0004
orgao_julgador_4ª Vara de Execução Fiscal do Rio de Janeiro,67.38,0.0003
orgao_julgador_GABINETE 01,59.5,0.0003
orgao_julgador_1ª Vara Federal de Petrópolis,56.07,0.0003
orgao_julgador_4ª Vara Federal Criminal do Rio de Janeiro,42.64,0.0002
orgao_julgador_GABINETE 13,38.91,0.0002
orgao_julgador_14º Juizado Especial Federal do Rio de Janeiro,35.66,0.0002
orgao_julgador_10ª Vara Federal Criminal do Rio de Janeiro,31.72,0.0001
orgao_julgador_7ª Vara de Execução Fiscal do Rio de Janeiro,30.88,0.0001
orgao_julgador_2ª Vara Federal Criminal de Vitória,28.71,0.0001
orgao_julgador_1ª Vara de Execução Fiscal do Rio de Janeiro,26.33,0.0001
classe_processual_Apelação / Remessa Necessária,23.04,0.0001
orgao_julgador_GABINETE 24,22.69,0.0001
orgao_julgador_GABINETE 10,19.56,0.0001
orgao_julgador_GABINETE 04,18.88,0.0001
orgao_julgador_GABINETE 03,14.95,0.0001
classe_processual_Embargos à Execução,13.16,0.0001
orgao_julgador_12ª Vara de Execução Fiscal do Rio de Janeiro,7.74,0.0
orgao_julgador_Central de Perícias - Duque de Caxias,0.0,0.0
orgao_julgador_Central de Perícias - Nova Iguaçu,0.0,0.0
orgao_julgador_Central de Perícias - Niterói,0.0,0.0
orgao_julgador_Central de Perícias - Magé,0.0,0.0
orgao_julgador_Central de Perícias - São Gonçalo,0.0,0.0
orgao_julgador_Central de Perícias - SJRJ,0.0,0.0
orgao_julgador_Central de Perícias - Resende,0.0,0.0
orgao_julgador_Central de Perícias - Petrópolis,0.0,0.0
orgao_julgador_Central de Perícias - Nova Friburgo,0.0,0.0
orgao_julgador_CEJUSC Ambiental - Centro Judiciário Ambiental ,0.0,0.0
orgao_julgador_9ª Vara de Execução Fiscal do Rio de janeiro,0.0,0.0
orgao_julgador_9ª Vara Federal Criminal do Rio de Janeiro,0.0,0.0
orgao_julgador_7ª Turma Recursal - Juiz Relator 1 - RJ,0.0,0.0
orgao_julgador_7ª Vara Federal Criminal do Rio de Janeiro,0.0,0.0
orgao_julgador_29ª Vara Federal do Rio de Janeiro,0.0,0.0
orgao_julgador_2ª Turma Recursal - Juiz Relator 3 - ES,0.0,0.0
orgao_julgador_5ª Vara Federal Criminal do Rio de Janeiro,0.0,0.0
orgao_julgador_5 º Núcleo de Justiça 4.0 - SJRJ - Previdenciário,0.0,0.0
orgao_julgador_5ª Vara Federal do Rio de Janeiro,0.0,0.0
orgao_julgador_5ª Vara de Execução Fiscal do Rio de Janeiro,0.0,0.0
orgao_julgador_13º Juizado Especial Federal do Rio de Janeiro,0.0,0.0
orgao_julgador_1ª Turma Recursal - Juiz Relator 1 - ES,0.0,0.0
orgao_julgador_17ª Vara Federal do Rio de Janeiro,0.0,0.0
orgao_julgador_33ª Vara Federal do Rio de Janeiro,0.0,0.0
orgao_julgador_18ª Vara Federal do Rio de Janeiro,0.0,0.0
orgao_julgador_6ª Vara de Execução Fiscal do Rio de Janeiro,0.0,0.0
"orgao_julgador_Seção Contadoria, Distr. Cert. Serra",0.0,0.0
orgao_julgador_Vara Federal de Três Rios,0.0,0.0
orgao_julgador_1 º Núcleo de Justiça 4.0 - SJRJ - Previdenciário,0.0,0.0
orgao_julgador_Central de Perícias - Macaé,0.0,0.0
orgao_julgador_Central de Perícias - Itaperuna,0.0,0.0
orgao_julgador_Central de Perícias - Itaboraí,0.0,0.0
orgao_julgador_Central de Perícias - Barra do Piraí,0.0,0.0
orgao_julgador_Central de Perícias - Campos,0.0,0.0
orgao_julgador_Central de Perícias - Angra dos Reis,0.0,0.0
orgao_julgador_CORREGEDORIA,0.0,0.0
orgao_julgador_7ª Vara Federal do Rio de Janeiro,0.0,0.0
orgao_julgador_COORDENADORIA DOS JUIZADOS ESPECIAIS FEDERAIS,0.0,0.0
orgao_julgador_CESOL - Baixada Fluminense,0.0,0.0
orgao_julgador_CENTRO SOLUÇÃO CONFLITOS E CIDADANIA - SÃO GONÇALO,0.0,0.0
orgao_julgador_CENORTE - Centro de Solução de Conflitos da Região Norte Fluminense,0.0,0.0
orgao_julgador_Coordenadoria de Cumprimento de Diligências e Distribuição,0.0,0.0
orgao_julgador_1º Núcleo de Justiça 4.0 - SJES - Previdenciário,0.0,0.0
orgao_julgador_1º Juizado Especial Federal de Vitória,0.0,0.0
orgao_julgador_20ª Vara Federal do Rio de Janeiro,0.0,0.0
orgao_julgador_2 º Núcleo de Justiça 4.0 - SJRJ - Previdenciário,0.0,0.0
orgao_julgador_Central de Perícias - Teresópolis,0.0,0.0
orgao_julgador_Central de Perícias - Três Rios,0.0,0.0
orgao_julgador_Centro Judiciário de Solução de Conflitos e Cidadania - CEJUSC de Duque de Caxias,0.0,0.0
orgao_julgador_Centro Judiciário de Solução de Conflitos e Cidadania - CEJUSC de Itaperuna,0.0,0.0
orgao_julgador_Central de Perícias - São João de Meriti,0.0,0.0
orgao_julgador_Central de Perícias - São Pedro da Aldeia,0.0,0.0
orgao_julgador_GABINETE 08 - RJ PREV - TRU,0.0,0.0
orgao_julgador_GABINETE 07 - RJ PREV - TRU,0.0,0.0
orgao_julgador_GABINETE 06 - RJ PREV - TRU,0.0,0.0
orgao_julgador_GABINETE 06,0.0,0.0
orgao_julgador_GABINETE 04 - RJ PREV - TRU,0.0,0.0
orgao_julgador_GABINETE 05 - RJ PREV - TRU,0.0,0.0
orgao_julgador_GABINETE 02 - RJ PREV - TRU,0.0,0.0
orgao_julgador_GABINETE 03 - RJ PREV - TRU,0.0,0.0
orgao_julgador_GABINETE 01 - RJ PREV - TRU,0.0,0.0
orgao_julgador_26ª Vara Federal do Rio de Janeiro,0.0,0.0
orgao_julgador_3ª Vara Federal do Rio de Janeiro,0.0,0.0
orgao_julgador_3ª Vara federal de cachoeiro de itapemirim,0.0,0.0
orgao_julgador_Central de Perícias - Volta Redonda,0.0,0.0
orgao_julgador_Centro Judiciário Regional de Solução Consensual de Conflitos e Cidadania - CESNITA,0.0,0.0
orgao_julgador_Centro Judiciário de Saúde - CEJUSC Saúde,0.0,0.0
orgao_julgador_Centro Judiciário de Solução de Conflitos e Cidadania - CEJUSC de Barra do Piraí,0.0,0.0
orgao_julgador_Centro Solução Conflitos e Cidadania,0.0,0.0
orgao_julgador_Centro Judiciário de Solução de Conflitos e Cidadania - CEJUSC de Três Rios,0.0,0.0
orgao_julgador_Centro Judiciário de Solução de Conflitos e Cidadania - CEJUSC de Teresópolis,0.0,0.0
orgao_julgador_Centro Judiciário de Solução de Conflitos e Cidadania - CEJUSC de Petrópolis,0.0,0.0
orgao_julgador_Centro Judiciário de Solução de Conflitos e Cidadania - CEJUSC de Nova Iguaçu,0.0,0.0
orgao_julgador_Centro Judiciário de Solução de Conflitos e Cidadania - CEJUSC de Nova Friburgo,0.0,0.0
orgao_julgador_Centro de Solução de Conflitos da CESUL - Sul Fluminense,0.0,0.0
orgao_julgador_Centro de Solução de Conflitos de Magé - CESOL - MAG,0.0,0.0
orgao_julgador_Diretoria de Itaboraí,0.0,0.0
orgao_julgador_Diretoria de Campos,0.0,0.0
orgao_julgador_Centro de Solução de Conflitos de São Pedro da Aldeia - CESOL - SPA,0.0,0.0
orgao_julgador_GABINETE 18 - RJ PREV - TRU,0.0,0.0
orgao_julgador_GABINETE 19 - ES PREV - TRU,0.0,0.0
orgao_julgador_GABINETE 11,0.0,0.0
orgao_julgador_GABINETE 10 - RJ PREV - TRU,0.0,0.0
orgao_julgador_GABINETE 11 - RJ PREV - TRU,0.0,0.0
orgao_julgador_GABINETE 24 - RJ PREV - TRU,0.0,0.0
orgao_julgador_GABINETE 23 - RJ PREV - TRU,0.0,0.0
orgao_julgador_GABINETE 22 - RJ PREV - TRU,0.0,0.0
orgao_julgador_GABINETE 23,0.0,0.0
orgao_julgador_1ª Vara Federal de São Pedro da Aldeia,0.0,0.0
orgao_julgador_GABINETE 21 - ES PREV - TRU,0.0,0.0
orgao_julgador_GABINETE 20 - ES PREV - TRU,0.0,0.0
orgao_julgador_GABINETE 09 - RJ PREV - TRU,0.0,0.0
orgao_julgador_GABINETE 13 - RJ PREV - TRU,0.0,0.0
orgao_julgador_GABINETE 12 - RJ PREV - TRU,0.0,0.0
orgao_julgador_GABINETE 14 - ES PREV - TRU,0.0,0.0
orgao_julgador_GABINETE 15 - RJ PREV - TRU,0.0,0.0
orgao_julgador_GABINETE 17 - ES PREV - TRU,0.0,0.0
orgao_julgador_GABINETE 16 - ES PREV - TRU,0.0,0.0
orgao_julgador_GABINETE 27 - RJ PREV - TRU,0.0,0.0
orgao_julgador_GABINETE 25 - RJ PREV - TRU,0.0,0.0
orgao_julgador_3ª Vara Federal de São Gonçalo,0.0,0.0
orgao_julgador_3ª Vara Federal de São João de Meriti,0.0,0.0
orgao_julgador_GABINETE 30 - RJ PREV - TRU,0.0,0.0
orgao_julgador_3ª Turma Recursal do Rio de Janeiro,0.0,0.0
orgao_julgador_GABINETE 29 - RJ PREV - TRU,0.0,0.0
orgao_julgador_GABINETE 28,0.0,0.0
orgao_julgador_GABINETE 28 - RJ PREV - TRU,0.0,0.0
orgao_julgador_GABINETE 29,0.0,0.0
orgao_julgador_GABINETE 27,0.0,0.0
orgao_julgador_GABINETE 26 - RJ PREV - TRU,0.0,0.0
orgao_julgador_2ª Vara Federal do Rio de Janeiro,0.0,0.0
orgao_julgador_GABINETE 31,0.0,0.0
orgao_julgador_GABINETE 35 - JFC,0.0,0.0
orgao_julgador_Núcleo de Justiça 4.0,0.0,0.0
orgao_julgador_Plantão,0.0,0.0
orgao_julgador_12º Juizado Especial Federal do Rio de Janeiro,0.0,0.0
